,img,rank,title,singer,album
0,"<a class=""thumbnail"" href=""https://music.bugs.co.kr/album/4021262?wl_ref=list_tr_07_chart"" onclick=""
"">
<span class=""mask""></span>
<img alt=""Hello 대표이미지"" onerror=""bugs.utils.imgError(this);"" src=""https://image.bugsm.co.kr/album/images/50/40212/4021262.jpg?version=20201229063716.0""/>
</a>",1,"<p adult_yn=""N"" class=""title"">
<a adultcheckval=""1"" aria-label=""새창"" href=""javascript:;"" onclick=""bugs.wiselog.area('list_tr_09_chart');bugs.music.listen('6042031',true);
"" title=""우린 어쩌다 헤어진 걸까"">우린 어쩌다 헤어진 걸까</a>
</p>","<p class=""artist"">
<a href=""https://music.bugs.co.kr/artist/80079594?wl_ref=list_tr_10_chart"" onclick=""
"" title=""허각"">허각</a>
</p>","<a class=""album"" href=""https://music.bugs.co.kr/album/4021262?wl_ref=list_tr_11_chart"" onclick=""
"" title=""Hello"">Hello</a>"
1,"<a class=""thumbnail"" href=""https://music.bugs.co.kr/album/20367316?wl_ref=list_tr_07_chart"" onclick=""
"">
<span class=""mask""></span>
<img alt=""What Do I Call You - The 4th Mini Album 대표이미지"" onerror=""bugs.utils.imgError(this);"" src=""https://image.bugsm.co.kr/album/images/50/203673/20367316.jpg?version=20201228113002.0""/>
</a>",2,"<p adult_yn=""N"" class=""title"">
<a adultcheckval=""1"" aria-label=""새창"" href=""javascript:;"" onclick=""bugs.wiselog.area('list_tr_09_chart');bugs.music.listen('32099906',true);
"" title=""What Do I Call You"">What Do I Call You</a>
</p>","<p class=""artist"">
<a href=""https://music.bugs.co.kr/artist/80026437?wl_ref=list_tr_10_chart"" onclick=""
"" title=""태연 (TAEYEON)"">태연 (TAEYEON)</a>
</p>","<a class=""album"" href=""https://music.bugs.co.kr/album/20367316?wl_ref=list_tr_11_chart"" onclick=""
"" title=""What Do I Call You - The 4th Mini Album"">What Do I Call You - The 4th Mini Album</a>"
2,"<a class=""thumbnail"" href=""https://music.bugs.co.kr/album/20366914?wl_ref=list_tr_07_chart"" onclick=""
"">
<span class=""mask""></span>
<img alt=""For You 대표이미지"" onerror=""bugs.utils.imgError(this);"" src=""https://image.bugsm.co.kr/album/images/50/203669/20366914.jpg?version=20201217002328.0""/>
</a>",3,"<p adult_yn=""N"" class=""title"">
<a adultcheckval=""1"" aria-label=""새창"" href=""javascript:;"" onclick=""bugs.wiselog.area('list_tr_09_chart');bugs.music.listen('32097956',true);
"" title=""For You (Feat. Crush)"">For You (Feat. Crush)</a>
</p>","<p class=""artist"">
<a href=""https://music.bugs.co.kr/artist/80123277?wl_ref=list_tr_10_chart"" onclick=""
"" title=""이하이"">이하이</a>
</p>","<a class=""album"" href=""https://music.bugs.co.kr/album/20366914?wl_ref=list_tr_11_chart"" onclick=""
"" title=""For You"">For You</a>"
3,"<a class=""thumbnail"" href=""https://music.bugs.co.kr/album/4020725?wl_ref=list_tr_07_chart"" onclick=""
"">
<span class=""mask""></span>
<img alt=""5.1 대표이미지"" onerror=""bugs.utils.imgError(this);"" src=""https://image.bugsm.co.kr/album/images/50/40207/4020725.jpg?version=20201224063358.0""/>
</a>",4,"<p adult_yn=""N"" class=""title"">
<a adultcheckval=""1"" aria-label=""새창"" href=""javascript:;"" onclick=""bugs.wiselog.area('list_tr_09_chart');bugs.music.listen('6040698',true);
"" title=""입김"">입김</a>
</p>","<p class=""artist"">
<a href=""https://music.bugs.co.kr/artist/80067149?wl_ref=list_tr_10_chart"" onclick=""
"" title=""10CM"">10CM</a>
</p>","<a class=""album"" href=""https://music.bugs.co.kr/album/4020725?wl_ref=list_tr_11_chart"" onclick=""
"" title=""5.1"">5.1</a>"
4,"<a class=""thumbnail"" href=""https://music.bugs.co.kr/album/20368283?wl_ref=list_tr_07_chart"" onclick=""
"">
<span class=""mask""></span>
<img alt=""쇼미더머니 9 Final 대표이미지"" onerror=""bugs.utils.imgError(this);"" src=""https://image.bugsm.co.kr/album/images/50/203682/20368283.jpg?version=20201222120503.0""/>
</a>",5,"<p adult_yn=""N"" class=""title"">
<a adultcheckval=""1"" aria-label=""새창"" href=""javascript:;"" onclick=""bugs.wiselog.area('list_tr_09_chart');bugs.music.listen('32104184',true);
"" title=""CREDIT (Feat. 염따, 기리보이, Zion.T)"">CREDIT (Feat. 염따, 기리보이, Zion.T)</a>
</p>","<p class=""artist"">
<a href=""https://music.bugs.co.kr/artist/80095508?wl_ref=list_tr_10_chart"" onclick=""
"" title=""릴보이(lIlBOI)"">릴보이(lIlBOI)</a>
</p>","<a class=""album"" href=""https://music.bugs.co.kr/album/20368283?wl_ref=list_tr_11_chart"" onclick=""
"" title=""쇼미더머니 9 Final"">쇼미더머니 9 Final</a>"
5,"<a class=""thumbnail"" href=""https://music.bugs.co.kr/album/20344912?wl_ref=list_tr_07_chart"" onclick=""
"">
<span class=""mask""></span>
<img alt=""Dynamite (DayTime Version) 대표이미지"" onerror=""bugs.utils.imgError(this);"" src=""https://image.bugsm.co.kr/album/images/50/203449/20344912.jpg?version=20200918130006.0""/>
</a>",6,"<p adult_yn=""N"" class=""title"">
<a adultcheckval=""1"" aria-label=""새창"" href=""javascript:;"" onclick=""bugs.wiselog.area('list_tr_09_chart');bugs.music.listen('31999479',true);
"" title=""Dynamite"">Dynamite</a>
</p>","<p class=""artist"">
<a href=""https://music.bugs.co.kr/artist/80079394?wl_ref=list_tr_10_chart"" onclick=""
"" title=""방탄소년단"">방탄소년단</a>
</p>","<a class=""album"" href=""https://music.bugs.co.kr/album/20344912?wl_ref=list_tr_11_chart"" onclick=""
"" title=""Dynamite (DayTime Version)"">Dynamite (DayTime Version)</a>"
6,"<a class=""thumbnail"" href=""https://music.bugs.co.kr/album/4021701?wl_ref=list_tr_07_chart"" onclick=""
"">
<span class=""mask""></span>
<img alt=""요즘 대표이미지"" onerror=""bugs.utils.imgError(this);"" src=""https://image.bugsm.co.kr/album/images/50/40217/4021701.jpg?version=20201230063539.0""/>
</a>",7,"<p adult_yn=""N"" class=""title"">
<a adultcheckval=""1"" aria-label=""새창"" href=""javascript:;"" onclick=""bugs.wiselog.area('list_tr_09_chart');bugs.music.listen('6043133',true);
"" title=""요즘"">요즘</a>
</p>","<p class=""artist"">
<a href=""https://music.bugs.co.kr/artist/80110772?wl_ref=list_tr_10_chart"" onclick=""
"" title=""양다일"">양다일</a>
</p>","<a class=""album"" href=""https://music.bugs.co.kr/album/4021701?wl_ref=list_tr_11_chart"" onclick=""
"" title=""요즘"">요즘</a>"
7,"<a class=""thumbnail"" href=""https://music.bugs.co.kr/album/4020328?wl_ref=list_tr_07_chart"" onclick=""
"">
<span class=""mask""></span>
<img alt=""서로를 위한 것 대표이미지"" onerror=""bugs.utils.imgError(this);"" src=""https://image.bugsm.co.kr/album/images/50/40203/4020328.jpg?version=20201222174505.0""/>
</a>",8,"<p adult_yn=""N"" class=""title"">
<a adultcheckval=""1"" aria-label=""새창"" href=""javascript:;"" onclick=""bugs.wiselog.area('list_tr_09_chart');bugs.music.listen('6038839',true);
"" title=""서로를 위한 것"">서로를 위한 것</a>
</p>","<p class=""artist"">
<a href=""https://music.bugs.co.kr/artist/3674?wl_ref=list_tr_10_chart"" onclick=""
"" title=""나얼(Na-Ul)"">나얼(Na-Ul)</a>
</p>","<a class=""album"" href=""https://music.bugs.co.kr/album/4020328?wl_ref=list_tr_11_chart"" onclick=""
"" title=""서로를 위한 것"">서로를 위한 것</a>"
8,"<a class=""thumbnail"" href=""https://music.bugs.co.kr/album/20361954?wl_ref=list_tr_07_chart"" onclick=""
"">
<span class=""mask""></span>
<img alt=""쇼미더머니 9 Episode 1 대표이미지"" onerror=""bugs.utils.imgError(this);"" src=""https://image.bugsm.co.kr/album/images/50/203619/20361954.jpg?version=20201222115812.0""/>
</a>",9,"<p adult_yn=""N"" class=""title"">
<a adultcheckval=""1"" aria-label=""새창"" href=""javascript:;"" onclick=""bugs.wiselog.area('list_tr_09_chart');bugs.music.listen('32075220',true);
"" title=""VVS (Feat. JUSTHIS) (Prod. GroovyRoom)"">VVS (Feat. JUSTHIS) (Prod. GroovyRoom)</a>
</p>","<p class=""artist"">
<!-- a tag title -->
<a class=""artistTitle"" href=""https://music.bugs.co.kr/artist/20106468?wl_ref=list_tr_10_chart"" title=""미란이"">미란이</a>
<!-- a tag link -->
<a class=""more"" href=""javascript:void(0);"" name=""atag_martist_list"" onclick=""bugs.layermenu.openMultiArtistSearchResultPopLayer(this, '미란이||미란이||20106468||OK\\n먼치맨||먼치맨||20092798||OK\\nKHUNDI PANDA||KHUNDI PANDA||20037631||OK\\n머쉬베놈||머쉬베놈(MUSHVENOM)||20090743||OK', ''); return false;"" title=""아티스트 전체보기"" wise_log_str=""?wl_ref=list_tr_10_chart"">
미란이
</a> </p>","<a class=""album"" href=""https://music.bugs.co.kr/album/20361954?wl_ref=list_tr_11_chart"" onclick=""
"" title=""쇼미더머니 9 Episode 1"">쇼미더머니 9 Episode 1</a>"
9,"<a class=""thumbnail"" href=""https://music.bugs.co.kr/album/20361943?wl_ref=list_tr_07_chart"" onclick=""
"">
<span class=""mask""></span>
<img alt=""BE 대표이미지"" onerror=""bugs.utils.imgError(this);"" src=""https://image.bugsm.co.kr/album/images/50/203619/20361943.jpg?version=20201130120023.0""/>
</a>",10,"<p adult_yn=""N"" class=""title"">
<a adultcheckval=""1"" aria-label=""새창"" href=""javascript:;"" onclick=""bugs.wiselog.area('list_tr_09_chart');bugs.music.listen('32075135',true);
"" title=""Life Goes On"">Life Goes On</a>
</p>","<p class=""artist"">
<a href=""https://music.bugs.co.kr/artist/80079394?wl_ref=list_tr_10_chart"" onclick=""
"" title=""방탄소년단"">방탄소년단</a>
</p>","<a class=""album"" href=""https://music.bugs.co.kr/album/20361943?wl_ref=list_tr_11_chart"" onclick=""
"" title=""BE"">BE</a>"
10,"<a class=""thumbnail"" href=""https://music.bugs.co.kr/album/20352127?wl_ref=list_tr_07_chart"" onclick=""
"">
<span class=""mask""></span>
<img alt=""THE ALBUM 대표이미지"" onerror=""bugs.utils.imgError(this);"" src=""https://image.bugsm.co.kr/album/images/50/203521/20352127.jpg?version=20201106174952.0""/>
</a>",11,"<p adult_yn=""N"" class=""title"">
<a adultcheckval=""1"" aria-label=""새창"" href=""javascript:;"" onclick=""bugs.wiselog.area('list_tr_09_chart');bugs.music.listen('32031230',true);
"" title=""Lovesick Girls"">Lovesick Girls</a>
</p>","<p class=""artist"">
<a href=""https://music.bugs.co.kr/artist/20022492?wl_ref=list_tr_10_chart"" onclick=""
"" title=""BLACKPINK"">BLACKPINK</a>
</p>","<a class=""album"" href=""https://music.bugs.co.kr/album/20352127?wl_ref=list_tr_11_chart"" onclick=""
"" title=""THE ALBUM"">THE ALBUM</a>"
11,"<a class=""thumbnail"" href=""https://music.bugs.co.kr/album/4014150?wl_ref=list_tr_07_chart"" onclick=""
"">
<span class=""mask""></span>
<img alt=""밤하늘의 별을(2020) 대표이미지"" onerror=""bugs.utils.imgError(this);"" src=""https://image.bugsm.co.kr/album/images/50/40141/4014150.jpg?version=20201120002445.0""/>
</a>",12,"<p adult_yn=""N"" class=""title"">
<a adultcheckval=""1"" aria-label=""새창"" href=""javascript:;"" onclick=""bugs.wiselog.area('list_tr_09_chart');bugs.music.listen('6017661',true);
"" title=""밤하늘의 별을(2020)"">밤하늘의 별을(2020)</a>
</p>","<p class=""artist"">
<a href=""https://music.bugs.co.kr/artist/80265286?wl_ref=list_tr_10_chart"" onclick=""
"" title=""경서"">경서</a>
</p>","<a class=""album"" href=""https://music.bugs.co.kr/album/4014150?wl_ref=list_tr_11_chart"" onclick=""
"" title=""밤하늘의 별을(2020)"">밤하늘의 별을(2020)</a>"
12,"<a class=""thumbnail"" href=""https://music.bugs.co.kr/album/20368283?wl_ref=list_tr_07_chart"" onclick=""
"">
<span class=""mask""></span>
<img alt=""쇼미더머니 9 Final 대표이미지"" onerror=""bugs.utils.imgError(this);"" src=""https://image.bugsm.co.kr/album/images/50/203682/20368283.jpg?version=20201222120503.0""/>
</a>",13,"<p adult_yn=""N"" class=""title"">
<a adultcheckval=""1"" aria-label=""새창"" href=""javascript:;"" onclick=""bugs.wiselog.area('list_tr_09_chart');bugs.music.listen('32104180',true);
"" title=""ON AIR (Feat. 로꼬, 박재범 &amp; GRAY)"">ON AIR (Feat. 로꼬, 박재범 &amp; GRAY)</a>
</p>","<p class=""artist"">
<a href=""https://music.bugs.co.kr/artist/80095508?wl_ref=list_tr_10_chart"" onclick=""
"" title=""릴보이(lIlBOI)"">릴보이(lIlBOI)</a>
</p>","<a class=""album"" href=""https://music.bugs.co.kr/album/20368283?wl_ref=list_tr_11_chart"" onclick=""
"" title=""쇼미더머니 9 Final"">쇼미더머니 9 Final</a>"
13,"<a class=""thumbnail"" href=""https://music.bugs.co.kr/album/999186?wl_ref=list_tr_07_chart"" onclick=""
"">
<span class=""mask""></span>
<img alt=""잠이 오질 않네요 대표이미지"" onerror=""bugs.utils.imgError(this);"" src=""https://image.bugsm.co.kr/album/images/50/9991/999186.jpg?version=20201025063115.0""/>
</a>",14,"<p adult_yn=""N"" class=""title"">
<a adultcheckval=""1"" aria-label=""새창"" href=""javascript:;"" onclick=""bugs.wiselog.area('list_tr_09_chart');bugs.music.listen('6006091',true);
"" title=""잠이 오질 않네요"">잠이 오질 않네요</a>
</p>","<p class=""artist"">
<a href=""https://music.bugs.co.kr/artist/80110450?wl_ref=list_tr_10_chart"" onclick=""
"" title=""장범준"">장범준</a>
</p>","<a class=""album"" href=""https://music.bugs.co.kr/album/999186?wl_ref=list_tr_11_chart"" onclick=""
"" title=""잠이 오질 않네요"">잠이 오질 않네요</a>"
14,"<a class=""thumbnail"" href=""https://music.bugs.co.kr/album/20365582?wl_ref=list_tr_07_chart"" onclick=""
"">
<span class=""mask""></span>
<img alt=""One-reeler / Act IV 대표이미지"" onerror=""bugs.utils.imgError(this);"" src=""https://image.bugsm.co.kr/album/images/50/203655/20365582.jpg?version=20201225002306.0""/>
</a>",15,"<p adult_yn=""N"" class=""title"">
<a adultcheckval=""1"" aria-label=""새창"" href=""javascript:;"" onclick=""bugs.wiselog.area('list_tr_09_chart');bugs.music.listen('32092234',true);
"" title=""Panorama"">Panorama</a>
</p>","<p class=""artist"">
<a href=""https://music.bugs.co.kr/artist/20067467?wl_ref=list_tr_10_chart"" onclick=""
"" title=""IZ*ONE(아이즈원)"">IZ*ONE(아이즈원)</a>
</p>","<a class=""album"" href=""https://music.bugs.co.kr/album/20365582?wl_ref=list_tr_11_chart"" onclick=""
"" title=""One-reeler / Act IV"">One-reeler / Act IV</a>"
15,"<a class=""thumbnail"" href=""https://music.bugs.co.kr/album/20366390?wl_ref=list_tr_07_chart"" onclick=""
"">
<span class=""mask""></span>
<img alt=""tellusboutyourself 대표이미지"" onerror=""bugs.utils.imgError(this);"" src=""https://image.bugsm.co.kr/album/images/50/203663/20366390.jpg?version=20201211102254.0""/>
</a>",16,"<p adult_yn=""N"" class=""title"">
<a adultcheckval=""1"" aria-label=""새창"" href=""javascript:;"" onclick=""bugs.wiselog.area('list_tr_09_chart');bugs.music.listen('32095532',true);
"" title=""Lovegame"">Lovegame</a>
</p>","<p class=""artist"">
<a href=""https://music.bugs.co.kr/artist/80137177?wl_ref=list_tr_10_chart"" onclick=""
"" title=""백예린 (Yerin Baek)"">백예린 (Yerin Baek)</a>
</p>","<a class=""album"" href=""https://music.bugs.co.kr/album/20366390?wl_ref=list_tr_11_chart"" onclick=""
"" title=""tellusboutyourself"">tellusboutyourself</a>"
16,"<a class=""thumbnail"" href=""https://music.bugs.co.kr/album/4019140?wl_ref=list_tr_07_chart"" onclick=""
"">
<span class=""mask""></span>
<img alt=""불면증 (Vocal by 윤하) 대표이미지"" onerror=""bugs.utils.imgError(this);"" src=""https://image.bugsm.co.kr/album/images/50/40191/4019140.jpg?version=20201216063256.0""/>
</a>",17,"<p adult_yn=""N"" class=""title"">
<a adultcheckval=""1"" aria-label=""새창"" href=""javascript:;"" onclick=""bugs.wiselog.area('list_tr_09_chart');bugs.music.listen('6034239',true);
"" title=""불면증 (Vocal by 윤하)"">불면증 (Vocal by 윤하)</a>
</p>","<p class=""artist"">
<a href=""https://music.bugs.co.kr/artist/80021125?wl_ref=list_tr_10_chart"" onclick=""
"" title=""에피톤 프로젝트(Epitone Project)"">에피톤 프로젝트(Epitone Project)</a>
</p>","<a class=""album"" href=""https://music.bugs.co.kr/album/4019140?wl_ref=list_tr_11_chart"" onclick=""
"" title=""불면증 (Vocal by 윤하)"">불면증 (Vocal by 윤하)</a>"
17,"<a class=""thumbnail"" href=""https://music.bugs.co.kr/album/20361192?wl_ref=list_tr_07_chart"" onclick=""
"">
<span class=""mask""></span>
<img alt=""Black Mamba 대표이미지"" onerror=""bugs.utils.imgError(this);"" src=""https://image.bugsm.co.kr/album/images/50/203611/20361192.jpg?version=20201126173950.0""/>
</a>",18,"<p adult_yn=""N"" class=""title"">
<a adultcheckval=""1"" aria-label=""새창"" href=""javascript:;"" onclick=""bugs.wiselog.area('list_tr_09_chart');bugs.music.listen('32072017',true);
"" title=""Black Mamba"">Black Mamba</a>
</p>","<p class=""artist"">
<a href=""https://music.bugs.co.kr/artist/80347326?wl_ref=list_tr_10_chart"" onclick=""
"" title=""aespa"">aespa</a>
</p>","<a class=""album"" href=""https://music.bugs.co.kr/album/20361192?wl_ref=list_tr_11_chart"" onclick=""
"" title=""Black Mamba"">Black Mamba</a>"
18,"<a class=""thumbnail"" href=""https://music.bugs.co.kr/album/20365092?wl_ref=list_tr_07_chart"" onclick=""
"">
<span class=""mask""></span>
<img alt=""쇼미더머니 9 Episode 3 대표이미지"" onerror=""bugs.utils.imgError(this);"" src=""https://image.bugsm.co.kr/album/images/50/203650/20365092.jpg?version=20201208002529.0""/>
</a>",19,"<p adult_yn=""N"" class=""title"">
<a adultcheckval=""1"" aria-label=""새창"" href=""javascript:;"" onclick=""bugs.wiselog.area('list_tr_09_chart');bugs.music.listen('32089757',true);
"" title=""내일이 오면 (Feat. 기리보이, BIG Naughty (서동현))"">내일이 오면 (Feat. 기리보이, BIG Naughty (서동현))</a>
</p>","<p class=""artist"">
<a href=""https://music.bugs.co.kr/artist/80095508?wl_ref=list_tr_10_chart"" onclick=""
"" title=""릴보이(lIlBOI)"">릴보이(lIlBOI)</a>
</p>","<a class=""album"" href=""https://music.bugs.co.kr/album/20365092?wl_ref=list_tr_11_chart"" onclick=""
"" title=""쇼미더머니 9 Episode 3"">쇼미더머니 9 Episode 3</a>"
19,"<a class=""thumbnail"" href=""https://music.bugs.co.kr/album/4020452?wl_ref=list_tr_07_chart"" onclick=""
"">
<span class=""mask""></span>
<img alt=""싱어게인 - 무명가수전 Episode.6 대표이미지"" onerror=""bugs.utils.imgError(this);"" src=""https://image.bugsm.co.kr/album/images/50/40204/4020452.jpg?version=20201224180127.0""/>
</a>",20,"<p adult_yn=""N"" class=""title"">
<a adultcheckval=""1"" aria-label=""새창"" href=""javascript:;"" onclick=""bugs.wiselog.area('list_tr_09_chart');bugs.music.listen('6039541',true);
"" title=""휘파람"">휘파람</a>
</p>","<p class=""artist"">
<a href=""https://music.bugs.co.kr/artist/12096166?wl_ref=list_tr_10_chart"" onclick=""
"" title=""싱어게인 63호 가수"">싱어게인 63호 가수</a>
</p>","<a class=""album"" href=""https://music.bugs.co.kr/album/4020452?wl_ref=list_tr_11_chart"" onclick=""
"" title=""싱어게인 - 무명가수전 Episode.6"">싱어게인 - 무명가수전 Episode.6</a>"
20,"<a class=""thumbnail"" href=""https://music.bugs.co.kr/album/988734?wl_ref=list_tr_07_chart"" onclick=""
"">
<span class=""mask""></span>
<img alt=""취기를 빌려 (취향저격 그녀 X 산들) 대표이미지"" onerror=""bugs.utils.imgError(this);"" src=""https://image.bugsm.co.kr/album/images/50/9887/988734.jpg?version=20200722003019.0""/>
</a>",21,"<p adult_yn=""N"" class=""title"">
<a adultcheckval=""1"" aria-label=""새창"" href=""javascript:;"" onclick=""bugs.wiselog.area('list_tr_09_chart');bugs.music.listen('5956261',true);
"" title=""취기를 빌려 (취향저격 그녀 X 산들)"">취기를 빌려 (취향저격 그녀 X 산들)</a>
</p>","<p class=""artist"">
<a href=""https://music.bugs.co.kr/artist/80098628?wl_ref=list_tr_10_chart"" onclick=""
"" title=""산들"">산들</a>
</p>","<a class=""album"" href=""https://music.bugs.co.kr/album/988734?wl_ref=list_tr_11_chart"" onclick=""
"" title=""취기를 빌려 (취향저격 그녀 X 산들)"">취기를 빌려 (취향저격 그녀 X 산들)</a>"
21,"<a class=""thumbnail"" href=""https://music.bugs.co.kr/album/20356321?wl_ref=list_tr_07_chart"" onclick=""
"">
<span class=""mask""></span>
<img alt=""Eyes wide open 대표이미지"" onerror=""bugs.utils.imgError(this);"" src=""https://image.bugsm.co.kr/album/images/50/203563/20356321.jpg?version=20201027002626.0""/>
</a>",22,"<p adult_yn=""N"" class=""title"">
<a adultcheckval=""1"" aria-label=""새창"" href=""javascript:;"" onclick=""bugs.wiselog.area('list_tr_09_chart');bugs.music.listen('32049967',true);
"" title=""I CAN’T STOP ME"">I CAN’T STOP ME</a>
</p>","<p class=""artist"">
<a href=""https://music.bugs.co.kr/artist/80249916?wl_ref=list_tr_10_chart"" onclick=""
"" title=""TWICE (트와이스)"">TWICE (트와이스)</a>
</p>","<a class=""album"" href=""https://music.bugs.co.kr/album/20356321?wl_ref=list_tr_11_chart"" onclick=""
"" title=""Eyes wide open"">Eyes wide open</a>"
22,"<a class=""thumbnail"" href=""https://music.bugs.co.kr/album/4014540?wl_ref=list_tr_07_chart"" onclick=""
"">
<span class=""mask""></span>
<img alt=""RECONNECT 대표이미지"" onerror=""bugs.utils.imgError(this);"" src=""https://image.bugsm.co.kr/album/images/50/40145/4014540.jpg?version=20201118002406.0""/>
</a>",23,"<p adult_yn=""N"" class=""title"">
<a adultcheckval=""1"" aria-label=""새창"" href=""javascript:;"" onclick=""bugs.wiselog.area('list_tr_09_chart');bugs.music.listen('6017878',true);
"" title=""사라진 모든 것들에게(with ELLE KOREA)"">사라진 모든 것들에게(with ELLE KOREA)</a>
</p>","<p class=""artist"">
<!-- a tag title -->
<a class=""artistTitle"" href=""https://music.bugs.co.kr/artist/80155172?wl_ref=list_tr_10_chart"" title=""코드 쿤스트"">코드 쿤스트</a>
<!-- a tag link -->
<a class=""more"" href=""javascript:void(0);"" name=""atag_martist_list"" onclick=""bugs.layermenu.openMultiArtistSearchResultPopLayer(this, '코드 쿤스트||코드 쿤스트||80155172||OK\\n잔나비 최정훈||잔나비 최정훈||80188952||OK\\n사이먼 도미닉||사이먼 도미닉||80009273||OK', ''); return false;"" title=""아티스트 전체보기"" wise_log_str=""?wl_ref=list_tr_10_chart"">
코드 쿤스트
</a> </p>","<a class=""album"" href=""https://music.bugs.co.kr/album/4014540?wl_ref=list_tr_11_chart"" onclick=""
"" title=""RECONNECT"">RECONNECT</a>"
23,"<a class=""thumbnail"" href=""https://music.bugs.co.kr/album/4018534?wl_ref=list_tr_07_chart"" onclick=""
"">
<span class=""mask""></span>
<img alt=""The Project 대표이미지"" onerror=""bugs.utils.imgError(this);"" src=""https://image.bugsm.co.kr/album/images/50/40185/4018534.jpg?version=20201217160004.0""/>
</a>",24,"<p adult_yn=""N"" class=""title"">
<a adultcheckval=""1"" aria-label=""새창"" href=""javascript:;"" onclick=""bugs.wiselog.area('list_tr_09_chart');bugs.music.listen('6032362',true);
"" title=""잘할게"">잘할게</a>
</p>","<p class=""artist"">
<a href=""https://music.bugs.co.kr/artist/72184?wl_ref=list_tr_10_chart"" onclick=""
"" title=""이승기"">이승기</a>
</p>","<a class=""album"" href=""https://music.bugs.co.kr/album/4018534?wl_ref=list_tr_11_chart"" onclick=""
"" title=""The Project"">The Project</a>"
24,"<a class=""thumbnail"" href=""https://music.bugs.co.kr/album/20365092?wl_ref=list_tr_07_chart"" onclick=""
"">
<span class=""mask""></span>
<img alt=""쇼미더머니 9 Episode 3 대표이미지"" onerror=""bugs.utils.imgError(this);"" src=""https://image.bugsm.co.kr/album/images/50/203650/20365092.jpg?version=20201207145956.0""/>
</a>",25,"<p adult_yn=""N"" class=""title"">
<a adultcheckval=""1"" aria-label=""새창"" href=""javascript:;"" onclick=""bugs.wiselog.area('list_tr_09_chart');bugs.music.listen('32089754',true);
"" title=""Achoo (Feat. pH-1, HAON) (Prod. GroovyRoom)"">Achoo (Feat. pH-1, HAON) (Prod. GroovyRoom)</a>
</p>","<p class=""artist"">
<a href=""https://music.bugs.co.kr/artist/20106468?wl_ref=list_tr_10_chart"" onclick=""
"" title=""미란이"">미란이</a>
</p>","<a class=""album"" href=""https://music.bugs.co.kr/album/20365092?wl_ref=list_tr_11_chart"" onclick=""
"" title=""쇼미더머니 9 Episode 3"">쇼미더머니 9 Episode 3</a>"
25,"<a class=""thumbnail"" href=""https://music.bugs.co.kr/album/4012637?wl_ref=list_tr_07_chart"" onclick=""
"">
<span class=""mask""></span>
<img alt=""잔나비 소곡집 l 대표이미지"" onerror=""bugs.utils.imgError(this);"" src=""https://image.bugsm.co.kr/album/images/50/40126/4012637.jpg?version=20201124173037.0""/>
</a>",26,"<p adult_yn=""N"" class=""title"">
<a adultcheckval=""1"" aria-label=""새창"" href=""javascript:;"" onclick=""bugs.wiselog.area('list_tr_09_chart');bugs.music.listen('6012889',true);
"" title=""가을밤에 든 생각"">가을밤에 든 생각</a>
</p>","<p class=""artist"">
<a href=""https://music.bugs.co.kr/artist/80188909?wl_ref=list_tr_10_chart"" onclick=""
"" title=""잔나비"">잔나비</a>
</p>","<a class=""album"" href=""https://music.bugs.co.kr/album/4012637?wl_ref=list_tr_11_chart"" onclick=""
"" title=""잔나비 소곡집 l"">잔나비 소곡집 l</a>"
26,"<a class=""thumbnail"" href=""https://music.bugs.co.kr/album/20368283?wl_ref=list_tr_07_chart"" onclick=""
"">
<span class=""mask""></span>
<img alt=""쇼미더머니 9 Final 대표이미지"" onerror=""bugs.utils.imgError(this);"" src=""https://image.bugsm.co.kr/album/images/50/203682/20368283.jpg?version=20201222120503.0""/>
</a>",27,"<p adult_yn=""N"" class=""title"">
<a adultcheckval=""1"" aria-label=""새창"" href=""javascript:;"" onclick=""bugs.wiselog.area('list_tr_09_chart');bugs.music.listen('32104177',true);
"" title=""가다 (Feat. 사이먼 도미닉, The Quiett) (Prod. SLO)"">가다 (Feat. 사이먼 도미닉, The Quiett) (Prod. SLO)</a>
</p>","<p class=""artist"">
<a href=""https://music.bugs.co.kr/artist/20090743?wl_ref=list_tr_10_chart"" onclick=""
"" title=""머쉬베놈(MUSHVENOM)"">머쉬베놈(MUSHVENOM)</a>
</p>","<a class=""album"" href=""https://music.bugs.co.kr/album/20368283?wl_ref=list_tr_11_chart"" onclick=""
"" title=""쇼미더머니 9 Final"">쇼미더머니 9 Final</a>"
27,"<a class=""thumbnail"" href=""https://music.bugs.co.kr/album/4013503?wl_ref=list_tr_07_chart"" onclick=""
"">
<span class=""mask""></span>
<img alt=""回:Walpurgis Night 대표이미지"" onerror=""bugs.utils.imgError(this);"" src=""https://image.bugsm.co.kr/album/images/50/40135/4013503.jpg?version=20201110063801.0""/>
</a>",28,"<p adult_yn=""N"" class=""title"">
<a adultcheckval=""1"" aria-label=""새창"" href=""javascript:;"" onclick=""bugs.wiselog.area('list_tr_09_chart');bugs.music.listen('6015405',true);
"" title=""MAGO"">MAGO</a>
</p>","<p class=""artist"">
<a href=""https://music.bugs.co.kr/artist/80216536?wl_ref=list_tr_10_chart"" onclick=""
"" title=""여자친구(GFRIEND)"">여자친구(GFRIEND)</a>
</p>","<a class=""album"" href=""https://music.bugs.co.kr/album/4013503?wl_ref=list_tr_11_chart"" onclick=""
"" title=""回:Walpurgis Night"">回:Walpurgis Night</a>"
28,"<a class=""thumbnail"" href=""https://music.bugs.co.kr/album/998432?wl_ref=list_tr_07_chart"" onclick=""
"">
<span class=""mask""></span>
<img alt=""딩가딩가 (Dingga) 대표이미지"" onerror=""bugs.utils.imgError(this);"" src=""https://image.bugsm.co.kr/album/images/50/9984/998432.jpg?version=20201030111840.0""/>
</a>",29,"<p adult_yn=""N"" class=""title"">
<a adultcheckval=""1"" aria-label=""새창"" href=""javascript:;"" onclick=""bugs.wiselog.area('list_tr_09_chart');bugs.music.listen('6001242',true);
"" title=""딩가딩가 (Dingga)"">딩가딩가 (Dingga)</a>
</p>","<p class=""artist"">
<a href=""https://music.bugs.co.kr/artist/80177857?wl_ref=list_tr_10_chart"" onclick=""
"" title=""마마무(Mamamoo)"">마마무(Mamamoo)</a>
</p>","<a class=""album"" href=""https://music.bugs.co.kr/album/998432?wl_ref=list_tr_11_chart"" onclick=""
"" title=""딩가딩가 (Dingga)"">딩가딩가 (Dingga)</a>"
29,"<a class=""thumbnail"" href=""https://music.bugs.co.kr/album/20322838?wl_ref=list_tr_07_chart"" onclick=""
"">
<span class=""mask""></span>
<img alt=""에잇 대표이미지"" onerror=""bugs.utils.imgError(this);"" src=""https://image.bugsm.co.kr/album/images/50/203228/20322838.jpg?version=20200507002344.0""/>
</a>",30,"<p adult_yn=""N"" class=""title"">
<a adultcheckval=""1"" aria-label=""새창"" href=""javascript:;"" onclick=""bugs.wiselog.area('list_tr_09_chart');bugs.music.listen('31904571',true);
"" title=""에잇(Prod.&amp;Feat. SUGA of BTS)"">에잇(Prod.&amp;Feat. SUGA of BTS)</a>
</p>","<p class=""artist"">
<a href=""https://music.bugs.co.kr/artist/80049126?wl_ref=list_tr_10_chart"" onclick=""
"" title=""아이유(IU)"">아이유(IU)</a>
</p>","<a class=""album"" href=""https://music.bugs.co.kr/album/20322838?wl_ref=list_tr_11_chart"" onclick=""
"" title=""에잇"">에잇</a>"
30,"<a class=""thumbnail"" href=""https://music.bugs.co.kr/album/20368283?wl_ref=list_tr_07_chart"" onclick=""
"">
<span class=""mask""></span>
<img alt=""쇼미더머니 9 Final 대표이미지"" onerror=""bugs.utils.imgError(this);"" src=""https://image.bugsm.co.kr/album/images/50/203682/20368283.jpg?version=20201223002520.0""/>
</a>",31,"<p adult_yn=""N"" class=""title"">
<a adultcheckval=""1"" aria-label=""새창"" href=""javascript:;"" onclick=""bugs.wiselog.area('list_tr_09_chart');bugs.music.listen('32104181',true);
"" title=""여백의 미 (Feat. Jessi, JUSTHIS) (Prod. GroovyRoom)"">여백의 미 (Feat. Jessi, JUSTHIS) (Prod. GroovyRoom)</a>
</p>","<p class=""artist"">
<a href=""https://music.bugs.co.kr/artist/20090743?wl_ref=list_tr_10_chart"" onclick=""
"" title=""머쉬베놈(MUSHVENOM)"">머쉬베놈(MUSHVENOM)</a>
</p>","<a class=""album"" href=""https://music.bugs.co.kr/album/20368283?wl_ref=list_tr_11_chart"" onclick=""
"" title=""쇼미더머니 9 Final"">쇼미더머니 9 Final</a>"
31,"<a class=""thumbnail"" href=""https://music.bugs.co.kr/album/465672?wl_ref=list_tr_07_chart"" onclick=""
"">
<span class=""mask""></span>
<img alt=""Santa Tell Me 대표이미지"" onerror=""bugs.utils.imgError(this);"" src=""https://image.bugsm.co.kr/album/images/50/4656/465672.jpg?version=20191209173005.0""/>
</a>",32,"<p adult_yn=""N"" class=""title"">
<a adultcheckval=""1"" aria-label=""새창"" href=""javascript:;"" onclick=""bugs.wiselog.area('list_tr_09_chart');bugs.music.listen('3778011',true);
"" title=""Santa Tell Me"">Santa Tell Me</a>
</p>","<p class=""artist"">
<a href=""https://music.bugs.co.kr/artist/80117591?wl_ref=list_tr_10_chart"" onclick=""
"" title=""Ariana Grande(아리아나 그란데)"">Ariana Grande(아리아나 그란데)</a>
</p>","<a class=""album"" href=""https://music.bugs.co.kr/album/465672?wl_ref=list_tr_11_chart"" onclick=""
"" title=""Santa Tell Me"">Santa Tell Me</a>"
32,"<a class=""thumbnail"" href=""https://music.bugs.co.kr/album/20345022?wl_ref=list_tr_07_chart"" onclick=""
"">
<span class=""mask""></span>
<img alt=""내 마음이 움찔했던 순간 (취향저격 그녀 X 규현) 대표이미지"" onerror=""bugs.utils.imgError(this);"" src=""https://image.bugsm.co.kr/album/images/50/203450/20345022.jpg?version=20200823180002.0""/>
</a>",33,"<p adult_yn=""N"" class=""title"">
<a adultcheckval=""1"" aria-label=""새창"" href=""javascript:;"" onclick=""bugs.wiselog.area('list_tr_09_chart');bugs.music.listen('31999879',true);
"" title=""내 마음이 움찔했던 순간 (취향저격 그녀 X 규현)"">내 마음이 움찔했던 순간 (취향저격 그녀 X 규현)</a>
</p>","<p class=""artist"">
<a href=""https://music.bugs.co.kr/artist/80018391?wl_ref=list_tr_10_chart"" onclick=""
"" title=""규현 (KYUHYUN)"">규현 (KYUHYUN)</a>
</p>","<a class=""album"" href=""https://music.bugs.co.kr/album/20345022?wl_ref=list_tr_11_chart"" onclick=""
"" title=""내 마음이 움찔했던 순간 (취향저격 그녀 X 규현)"">내 마음이 움찔했던 순간 (취향저격 그녀 X 규현)</a>"
33,"<a class=""thumbnail"" href=""https://music.bugs.co.kr/album/998892?wl_ref=list_tr_07_chart"" onclick=""
"">
<span class=""mask""></span>
<img alt=""나랑 같이 걸을래 (바른연애 길잡이 X 적재) 대표이미지"" onerror=""bugs.utils.imgError(this);"" src=""https://image.bugsm.co.kr/album/images/50/9988/998892.jpg?version=20201024070732.0""/>
</a>",34,"<p adult_yn=""N"" class=""title"">
<a adultcheckval=""1"" aria-label=""새창"" href=""javascript:;"" onclick=""bugs.wiselog.area('list_tr_09_chart');bugs.music.listen('6004647',true);
"" title=""나랑 같이 걸을래 (바른연애 길잡이 X 적재)"">나랑 같이 걸을래 (바른연애 길잡이 X 적재)</a>
</p>","<p class=""artist"">
<a href=""https://music.bugs.co.kr/artist/8008787?wl_ref=list_tr_10_chart"" onclick=""
"" title=""적재"">적재</a>
</p>","<a class=""album"" href=""https://music.bugs.co.kr/album/998892?wl_ref=list_tr_11_chart"" onclick=""
"" title=""나랑 같이 걸을래 (바른연애 길잡이 X 적재)"">나랑 같이 걸을래 (바른연애 길잡이 X 적재)</a>"
34,"<a class=""thumbnail"" href=""https://music.bugs.co.kr/album/20286013?wl_ref=list_tr_07_chart"" onclick=""
"">
<span class=""mask""></span>
<img alt=""Love poem 대표이미지"" onerror=""bugs.utils.imgError(this);"" src=""https://image.bugsm.co.kr/album/images/50/202860/20286013.jpg?version=20200401043431.0""/>
</a>",35,"<p adult_yn=""N"" class=""title"">
<a adultcheckval=""1"" aria-label=""새창"" href=""javascript:;"" onclick=""bugs.wiselog.area('list_tr_09_chart');bugs.music.listen('5803785',true);
"" title=""Blueming"">Blueming</a>
</p>","<p class=""artist"">
<a href=""https://music.bugs.co.kr/artist/80049126?wl_ref=list_tr_10_chart"" onclick=""
"" title=""아이유(IU)"">아이유(IU)</a>
</p>","<a class=""album"" href=""https://music.bugs.co.kr/album/20286013?wl_ref=list_tr_11_chart"" onclick=""
"" title=""Love poem"">Love poem</a>"
35,"<a class=""thumbnail"" href=""https://music.bugs.co.kr/album/20367316?wl_ref=list_tr_07_chart"" onclick=""
"">
<span class=""mask""></span>
<img alt=""What Do I Call You - The 4th Mini Album 대표이미지"" onerror=""bugs.utils.imgError(this);"" src=""https://image.bugsm.co.kr/album/images/50/203673/20367316.jpg?version=20201228113002.0""/>
</a>",36,"<p adult_yn=""N"" class=""title"">
<a adultcheckval=""1"" aria-label=""새창"" href=""javascript:;"" onclick=""bugs.wiselog.area('list_tr_09_chart');bugs.music.listen('32099907',true);
"" title=""Playlist"">Playlist</a>
</p>","<p class=""artist"">
<a href=""https://music.bugs.co.kr/artist/80026437?wl_ref=list_tr_10_chart"" onclick=""
"" title=""태연 (TAEYEON)"">태연 (TAEYEON)</a>
</p>","<a class=""album"" href=""https://music.bugs.co.kr/album/20367316?wl_ref=list_tr_11_chart"" onclick=""
"" title=""What Do I Call You - The 4th Mini Album"">What Do I Call You - The 4th Mini Album</a>"
36,"<a class=""thumbnail"" href=""https://music.bugs.co.kr/album/20366390?wl_ref=list_tr_07_chart"" onclick=""
"">
<span class=""mask""></span>
<img alt=""tellusboutyourself 대표이미지"" onerror=""bugs.utils.imgError(this);"" src=""https://image.bugsm.co.kr/album/images/50/203663/20366390.jpg?version=20201211102254.0""/>
</a>",37,"<p adult_yn=""N"" class=""title"">
<a adultcheckval=""1"" aria-label=""새창"" href=""javascript:;"" onclick=""bugs.wiselog.area('list_tr_09_chart');bugs.music.listen('32095541',true);
"" title=""Hate you"">Hate you</a>
</p>","<p class=""artist"">
<a href=""https://music.bugs.co.kr/artist/80137177?wl_ref=list_tr_10_chart"" onclick=""
"" title=""백예린 (Yerin Baek)"">백예린 (Yerin Baek)</a>
</p>","<a class=""album"" href=""https://music.bugs.co.kr/album/20366390?wl_ref=list_tr_11_chart"" onclick=""
"" title=""tellusboutyourself"">tellusboutyourself</a>"
37,"<a class=""thumbnail"" href=""https://music.bugs.co.kr/album/996909?wl_ref=list_tr_07_chart"" onclick=""
"">
<span class=""mask""></span>
<img alt=""Savage Love (Laxed - Siren Beat) [BTS Remix] 대표이미지"" onerror=""bugs.utils.imgError(this);"" src=""https://image.bugsm.co.kr/album/images/50/9969/996909.jpg?version=20201007204337.0""/>
</a>",38,"<p adult_yn=""N"" class=""title"">
<a adultcheckval=""1"" aria-label=""새창"" href=""javascript:;"" onclick=""bugs.wiselog.area('list_tr_09_chart');bugs.music.listen('5993862',true);
"" title=""Savage Love (Laxed - Siren Beat) (BTS Remix)"">Savage Love (Laxed - Siren Beat) (BTS Remix)</a>
</p>","<p class=""artist"">
<!-- a tag title -->
<a class=""artistTitle"" href=""https://music.bugs.co.kr/artist/11961970?wl_ref=list_tr_10_chart"" title=""Jawsh 685"">Jawsh 685</a>
<!-- a tag link -->
<a class=""more"" href=""javascript:void(0);"" name=""atag_martist_list"" onclick=""bugs.layermenu.openMultiArtistSearchResultPopLayer(this, 'Jawsh 685||Jawsh 685||11961970||OK\\nJason Derulo||Jason Derulo(제이슨 데룰로)||80029124||OK\\n방탄소년단||방탄소년단||80079394||OK', ''); return false;"" title=""아티스트 전체보기"" wise_log_str=""?wl_ref=list_tr_10_chart"">
Jawsh 685
</a> </p>","<a class=""album"" href=""https://music.bugs.co.kr/album/996909?wl_ref=list_tr_11_chart"" onclick=""
"" title=""Savage Love (Laxed - Siren Beat) [BTS Remix]"">Savage Love (Laxed - Siren Beat) [BTS Remix]</a>"
38,"<a class=""thumbnail"" href=""https://music.bugs.co.kr/album/20293803?wl_ref=list_tr_07_chart"" onclick=""
"">
<span class=""mask""></span>
<img alt=""Every letter I sent you. 대표이미지"" onerror=""bugs.utils.imgError(this);"" src=""https://image.bugsm.co.kr/album/images/50/202938/20293803.jpg?version=20201224171913.0""/>
</a>",39,"<p adult_yn=""N"" class=""title"">
<a adultcheckval=""1"" aria-label=""새창"" href=""javascript:;"" onclick=""bugs.wiselog.area('list_tr_09_chart');bugs.music.listen('31780300',true);
"" title=""Square (2017)"">Square (2017)</a>
</p>","<p class=""artist"">
<a href=""https://music.bugs.co.kr/artist/80137177?wl_ref=list_tr_10_chart"" onclick=""
"" title=""백예린 (Yerin Baek)"">백예린 (Yerin Baek)</a>
</p>","<a class=""album"" href=""https://music.bugs.co.kr/album/20293803?wl_ref=list_tr_11_chart"" onclick=""
"" title=""Every letter I sent you."">Every letter I sent you.</a>"
39,"<a class=""thumbnail"" href=""https://music.bugs.co.kr/album/20366687?wl_ref=list_tr_07_chart"" onclick=""
"">
<span class=""mask""></span>
<img alt=""쇼미더머니 9 Semi Final 대표이미지"" onerror=""bugs.utils.imgError(this);"" src=""https://image.bugsm.co.kr/album/images/50/203666/20366687.jpg?version=20201218163437.0""/>
</a>",40,"<p adult_yn=""N"" class=""title"">
<a adultcheckval=""1"" aria-label=""새창"" href=""javascript:;"" onclick=""bugs.wiselog.area('list_tr_09_chart');bugs.music.listen('32096922',true);
"" title=""악역 (Feat. 이하이 &amp; 사이먼 도미닉) (Prod. 코드 쿤스트)"">악역 (Feat. 이하이 &amp; 사이먼 도미닉) (Prod. 코드 쿤스트)</a>
</p>","<p class=""artist"">
<a href=""https://music.bugs.co.kr/artist/80028663?wl_ref=list_tr_10_chart"" onclick=""
"" title=""스윙스(Swings)"">스윙스(Swings)</a>
</p>","<a class=""album"" href=""https://music.bugs.co.kr/album/20366687?wl_ref=list_tr_11_chart"" onclick=""
"" title=""쇼미더머니 9 Semi Final"">쇼미더머니 9 Semi Final</a>"
40,"<a class=""thumbnail"" href=""https://music.bugs.co.kr/album/20154722?wl_ref=list_tr_07_chart"" onclick=""
"">
<span class=""mask""></span>
<img alt=""'키스 먼저 할까요?' OST Part.3 대표이미지"" onerror=""bugs.utils.imgError(this);"" src=""https://image.bugsm.co.kr/album/images/50/201547/20154722.jpg?version=20190515010725.0""/>
</a>",41,"<p adult_yn=""N"" class=""title"">
<a adultcheckval=""1"" aria-label=""새창"" href=""javascript:;"" onclick=""bugs.wiselog.area('list_tr_09_chart');bugs.music.listen('30994623',true);
"" title=""모든 날, 모든 순간 (Every day, Every Moment)"">모든 날, 모든 순간 (Every day, Every Moment)</a>
</p>","<p class=""artist"">
<a href=""https://music.bugs.co.kr/artist/80178689?wl_ref=list_tr_10_chart"" onclick=""
"" title=""폴킴(Paul Kim)"">폴킴(Paul Kim)</a>
</p>","<a class=""album"" href=""https://music.bugs.co.kr/album/20154722?wl_ref=list_tr_11_chart"" onclick=""
"" title=""'키스 먼저 할까요?' OST Part.3"">'키스 먼저 할까요?' OST Part.3</a>"
41,"<a class=""thumbnail"" href=""https://music.bugs.co.kr/album/14116820?wl_ref=list_tr_07_chart"" onclick=""
"">
<span class=""mask""></span>
<img alt=""NONSTOP 대표이미지"" onerror=""bugs.utils.imgError(this);"" src=""https://image.bugsm.co.kr/album/images/50/141168/14116820.jpg?version=20200804104856.0""/>
</a>",42,"<p adult_yn=""N"" class=""title"">
<a adultcheckval=""1"" aria-label=""새창"" href=""javascript:;"" onclick=""bugs.wiselog.area('list_tr_09_chart');bugs.music.listen('68635585',true);
"" title=""Dolphin"">Dolphin</a>
</p>","<p class=""artist"">
<a href=""https://music.bugs.co.kr/artist/80226913?wl_ref=list_tr_10_chart"" onclick=""
"" title=""오마이걸(OH MY GIRL)"">오마이걸(OH MY GIRL)</a>
</p>","<a class=""album"" href=""https://music.bugs.co.kr/album/14116820?wl_ref=list_tr_11_chart"" onclick=""
"" title=""NONSTOP"">NONSTOP</a>"
42,"<a class=""thumbnail"" href=""https://music.bugs.co.kr/album/20354817?wl_ref=list_tr_07_chart"" onclick=""
"">
<span class=""mask""></span>
<img alt=""힘든 건 사랑이 아니다 대표이미지"" onerror=""bugs.utils.imgError(this);"" src=""https://image.bugsm.co.kr/album/images/50/203548/20354817.jpg?version=20201103120010.0""/>
</a>",43,"<p adult_yn=""N"" class=""title"">
<a adultcheckval=""1"" aria-label=""새창"" href=""javascript:;"" onclick=""bugs.wiselog.area('list_tr_09_chart');bugs.music.listen('32043557',true);
"" title=""힘든 건 사랑이 아니다"">힘든 건 사랑이 아니다</a>
</p>","<p class=""artist"">
<a href=""https://music.bugs.co.kr/artist/1958?wl_ref=list_tr_10_chart"" onclick=""
"" title=""임창정"">임창정</a>
</p>","<a class=""album"" href=""https://music.bugs.co.kr/album/20354817?wl_ref=list_tr_11_chart"" onclick=""
"" title=""힘든 건 사랑이 아니다"">힘든 건 사랑이 아니다</a>"
43,"<a class=""thumbnail"" href=""https://music.bugs.co.kr/album/14888808?wl_ref=list_tr_07_chart"" onclick=""
"">
<span class=""mask""></span>
<img alt=""Positions 대표이미지"" onerror=""bugs.utils.imgError(this);"" src=""https://image.bugsm.co.kr/album/images/50/148888/14888808.jpg?version=20201130002226.0""/>
</a>",44,"<p adult_yn=""N"" class=""title"">
<a adultcheckval=""1"" aria-label=""새창"" href=""javascript:;"" onclick=""bugs.wiselog.area('list_tr_09_chart');bugs.music.listen('74578119',true);
"" title=""34+35"">34+35</a>
</p>","<p class=""artist"">
<a href=""https://music.bugs.co.kr/artist/80117591?wl_ref=list_tr_10_chart"" onclick=""
"" title=""Ariana Grande(아리아나 그란데)"">Ariana Grande(아리아나 그란데)</a>
</p>","<a class=""album"" href=""https://music.bugs.co.kr/album/14888808?wl_ref=list_tr_11_chart"" onclick=""
"" title=""Positions"">Positions</a>"
44,"<a class=""thumbnail"" href=""https://music.bugs.co.kr/album/680332?wl_ref=list_tr_07_chart"" onclick=""
"">
<span class=""mask""></span>
<img alt=""Everyday Is Christmas [Deluxe] 대표이미지"" onerror=""bugs.utils.imgError(this);"" src=""https://image.bugsm.co.kr/album/images/50/6803/680332.jpg?version=20201111175500.0""/>
</a>",45,"<p adult_yn=""N"" class=""title"">
<a adultcheckval=""1"" aria-label=""새창"" href=""javascript:;"" onclick=""bugs.wiselog.area('list_tr_09_chart');bugs.music.listen('5035960',true);
"" title=""Snowman"">Snowman</a>
</p>","<p class=""artist"">
<a href=""https://music.bugs.co.kr/artist/80010088?wl_ref=list_tr_10_chart"" onclick=""
"" title=""Sia(시아)"">Sia(시아)</a>
</p>","<a class=""album"" href=""https://music.bugs.co.kr/album/680332?wl_ref=list_tr_11_chart"" onclick=""
"" title=""Everyday Is Christmas [Deluxe]"">Everyday Is Christmas [Deluxe]</a>"
45,"<a class=""thumbnail"" href=""https://music.bugs.co.kr/album/20365092?wl_ref=list_tr_07_chart"" onclick=""
"">
<span class=""mask""></span>
<img alt=""쇼미더머니 9 Episode 3 대표이미지"" onerror=""bugs.utils.imgError(this);"" src=""https://image.bugsm.co.kr/album/images/50/203650/20365092.jpg?version=20201208170637.0""/>
</a>",46,"<p adult_yn=""N"" class=""title"">
<a adultcheckval=""1"" aria-label=""새창"" href=""javascript:;"" onclick=""bugs.wiselog.area('list_tr_09_chart');bugs.music.listen('32089756',true);
"" title=""뿌리 (Feat. JUSTHIS) (Prod. GroovyRoom)"">뿌리 (Feat. JUSTHIS) (Prod. GroovyRoom)</a>
</p>","<p class=""artist"">
<a href=""https://music.bugs.co.kr/artist/20037631?wl_ref=list_tr_10_chart"" onclick=""
"" title=""KHUNDI PANDA"">KHUNDI PANDA</a>
</p>","<a class=""album"" href=""https://music.bugs.co.kr/album/20365092?wl_ref=list_tr_11_chart"" onclick=""
"" title=""쇼미더머니 9 Episode 3"">쇼미더머니 9 Episode 3</a>"
46,"<a class=""thumbnail"" href=""https://music.bugs.co.kr/album/20364406?wl_ref=list_tr_07_chart"" onclick=""
"">
<span class=""mask""></span>
<img alt=""혼술하고 싶은 밤 대표이미지"" onerror=""bugs.utils.imgError(this);"" src=""https://image.bugsm.co.kr/album/images/50/203644/20364406.jpg?version=20201203002409.0""/>
</a>",47,"<p adult_yn=""N"" class=""title"">
<a adultcheckval=""1"" aria-label=""새창"" href=""javascript:;"" onclick=""bugs.wiselog.area('list_tr_09_chart');bugs.music.listen('32086459',true);
"" title=""혼술하고 싶은 밤"">혼술하고 싶은 밤</a>
</p>","<p class=""artist"">
<a href=""https://music.bugs.co.kr/artist/80093826?wl_ref=list_tr_10_chart"" onclick=""
"" title=""벤"">벤</a>
</p>","<a class=""album"" href=""https://music.bugs.co.kr/album/20364406?wl_ref=list_tr_11_chart"" onclick=""
"" title=""혼술하고 싶은 밤"">혼술하고 싶은 밤</a>"
47,"<a class=""thumbnail"" href=""https://music.bugs.co.kr/album/829?wl_ref=list_tr_07_chart"" onclick=""
"">
<span class=""mask""></span>
<img alt=""Merry Christmas (Deluxe Anniversary Edition) 대표이미지"" onerror=""bugs.utils.imgError(this);"" src=""https://image.bugsm.co.kr/album/images/50/8/829.jpg?version=20201106002435.0""/>
</a>",48,"<p adult_yn=""N"" class=""title"">
<a adultcheckval=""1"" aria-label=""새창"" href=""javascript:;"" onclick=""bugs.wiselog.area('list_tr_09_chart');bugs.music.listen('14776',true);
"" title=""All I Want for Christmas Is You"">All I Want for Christmas Is You</a>
</p>","<p class=""artist"">
<a href=""https://music.bugs.co.kr/artist/1079?wl_ref=list_tr_10_chart"" onclick=""
"" title=""Mariah Carey(머라이어 캐리)"">Mariah Carey(머라이어 캐리)</a>
</p>","<a class=""album"" href=""https://music.bugs.co.kr/album/829?wl_ref=list_tr_11_chart"" onclick=""
"" title=""Merry Christmas (Deluxe Anniversary Edition)"">Merry Christmas (Deluxe Anniversary Edition)</a>"
48,"<a class=""thumbnail"" href=""https://music.bugs.co.kr/album/20334175?wl_ref=list_tr_07_chart"" onclick=""
"">
<span class=""mask""></span>
<img alt=""How You Like That 대표이미지"" onerror=""bugs.utils.imgError(this);"" src=""https://image.bugsm.co.kr/album/images/50/203341/20334175.jpg?version=20201107002509.0""/>
</a>",49,"<p adult_yn=""N"" class=""title"">
<a adultcheckval=""1"" aria-label=""새창"" href=""javascript:;"" onclick=""bugs.wiselog.area('list_tr_09_chart');bugs.music.listen('31954275',true);
"" title=""How You Like That"">How You Like That</a>
</p>","<p class=""artist"">
<a href=""https://music.bugs.co.kr/artist/20022492?wl_ref=list_tr_10_chart"" onclick=""
"" title=""BLACKPINK"">BLACKPINK</a>
</p>","<a class=""album"" href=""https://music.bugs.co.kr/album/20334175?wl_ref=list_tr_11_chart"" onclick=""
"" title=""How You Like That"">How You Like That</a>"
49,"<a class=""thumbnail"" href=""https://music.bugs.co.kr/album/20272602?wl_ref=list_tr_07_chart"" onclick=""
"">
<span class=""mask""></span>
<img alt=""멜로가 체질 OST Part 3 대표이미지"" onerror=""bugs.utils.imgError(this);"" src=""https://image.bugsm.co.kr/album/images/50/202726/20272602.jpg?version=20191030002147.0""/>
</a>",50,"<p adult_yn=""N"" class=""title"">
<a adultcheckval=""1"" aria-label=""새창"" href=""javascript:;"" onclick=""bugs.wiselog.area('list_tr_09_chart');bugs.music.listen('31681439',true);
"" title=""흔들리는 꽃들 속에서 네 샴푸향이 느껴진거야"">흔들리는 꽃들 속에서 네 샴푸향이 느껴진거야</a>
</p>","<p class=""artist"">
<a href=""https://music.bugs.co.kr/artist/80110450?wl_ref=list_tr_10_chart"" onclick=""
"" title=""장범준"">장범준</a>
</p>","<a class=""album"" href=""https://music.bugs.co.kr/album/20272602?wl_ref=list_tr_11_chart"" onclick=""
"" title=""멜로가 체질 OST Part 3"">멜로가 체질 OST Part 3</a>"
50,"<a class=""thumbnail"" href=""https://music.bugs.co.kr/album/4020730?wl_ref=list_tr_07_chart"" onclick=""
"">
<span class=""mask""></span>
<img alt=""9컷 대표이미지"" onerror=""bugs.utils.imgError(this);"" src=""https://image.bugsm.co.kr/album/images/50/40207/4020730.jpg?version=20201224063359.0""/>
</a>",51,"<p adult_yn=""N"" class=""title"">
<a adultcheckval=""1"" aria-label=""새창"" href=""javascript:;"" onclick=""bugs.wiselog.area('list_tr_09_chart');bugs.music.listen('6040719',true);
"" title=""사랑이었나봐"">사랑이었나봐</a>
</p>","<p class=""artist"">
<a href=""https://music.bugs.co.kr/artist/80114466?wl_ref=list_tr_10_chart"" onclick=""
"" title=""기리보이"">기리보이</a>
</p>","<a class=""album"" href=""https://music.bugs.co.kr/album/4020730?wl_ref=list_tr_11_chart"" onclick=""
"" title=""9컷"">9컷</a>"
51,"<a class=""thumbnail"" href=""https://music.bugs.co.kr/album/20361954?wl_ref=list_tr_07_chart"" onclick=""
"">
<span class=""mask""></span>
<img alt=""쇼미더머니 9 Episode 1 대표이미지"" onerror=""bugs.utils.imgError(this);"" src=""https://image.bugsm.co.kr/album/images/50/203619/20361954.jpg?version=20201222115812.0""/>
</a>",52,"<p adult_yn=""N"" class=""title"">
<a adultcheckval=""1"" aria-label=""새창"" href=""javascript:;"" onclick=""bugs.wiselog.area('list_tr_09_chart');bugs.music.listen('32075221',true);
"" title=""Freak (Prod. Slom)"">Freak (Prod. Slom)</a>
</p>","<p class=""artist"">
<!-- a tag title -->
<a class=""artistTitle"" href=""https://music.bugs.co.kr/artist/80095508?wl_ref=list_tr_10_chart"" title=""릴보이(lIlBOI)"">릴보이(lIlBOI)</a>
<!-- a tag link -->
<a class=""more"" href=""javascript:void(0);"" name=""atag_martist_list"" onclick=""bugs.layermenu.openMultiArtistSearchResultPopLayer(this, '릴보이||릴보이(lIlBOI)||80095508||OK\\n원슈타인||원슈타인||80250993||OK\\nChillin Homie||Chillin Homie||20064554||OK\\n스카이민혁||스카이민혁(Skyminhyuk)||20088480||OK', ''); return false;"" title=""아티스트 전체보기"" wise_log_str=""?wl_ref=list_tr_10_chart"">
릴보이(lIlBOI)
</a> </p>","<a class=""album"" href=""https://music.bugs.co.kr/album/20361954?wl_ref=list_tr_11_chart"" onclick=""
"" title=""쇼미더머니 9 Episode 1"">쇼미더머니 9 Episode 1</a>"
52,"<a class=""thumbnail"" href=""https://music.bugs.co.kr/album/20361943?wl_ref=list_tr_07_chart"" onclick=""
"">
<span class=""mask""></span>
<img alt=""BE 대표이미지"" onerror=""bugs.utils.imgError(this);"" src=""https://image.bugsm.co.kr/album/images/50/203619/20361943.jpg?version=20201130120023.0""/>
</a>",53,"<p adult_yn=""N"" class=""title"">
<a adultcheckval=""1"" aria-label=""새창"" href=""javascript:;"" onclick=""bugs.wiselog.area('list_tr_09_chart');bugs.music.listen('32075136',true);
"" title=""내 방을 여행하는 법"">내 방을 여행하는 법</a>
</p>","<p class=""artist"">
<a href=""https://music.bugs.co.kr/artist/80079394?wl_ref=list_tr_10_chart"" onclick=""
"" title=""방탄소년단"">방탄소년단</a>
</p>","<a class=""album"" href=""https://music.bugs.co.kr/album/20361943?wl_ref=list_tr_11_chart"" onclick=""
"" title=""BE"">BE</a>"
53,"<a class=""thumbnail"" href=""https://music.bugs.co.kr/album/249930?wl_ref=list_tr_07_chart"" onclick=""
"">
<span class=""mask""></span>
<img alt=""Real 대표이미지"" onerror=""bugs.utils.imgError(this);"" src=""https://image.bugsm.co.kr/album/images/50/2499/249930.jpg?version=20200401040517.0""/>
</a>",54,"<p adult_yn=""N"" class=""title"">
<a adultcheckval=""1"" aria-label=""새창"" href=""javascript:;"" onclick=""bugs.wiselog.area('list_tr_09_chart');bugs.music.listen('2150697',true);
"" title=""미리 메리 크리스마스 (feat. 천둥 Of MBLAQ)"">미리 메리 크리스마스 (feat. 천둥 Of MBLAQ)</a>
</p>","<p class=""artist"">
<a href=""https://music.bugs.co.kr/artist/80049126?wl_ref=list_tr_10_chart"" onclick=""
"" title=""아이유(IU)"">아이유(IU)</a>
</p>","<a class=""album"" href=""https://music.bugs.co.kr/album/249930?wl_ref=list_tr_11_chart"" onclick=""
"" title=""Real"">Real</a>"
54,"<a class=""thumbnail"" href=""https://music.bugs.co.kr/album/4017860?wl_ref=list_tr_07_chart"" onclick=""
"">
<span class=""mask""></span>
<img alt=""어김없이 이 거리에 대표이미지"" onerror=""bugs.utils.imgError(this);"" src=""https://image.bugsm.co.kr/album/images/50/40178/4017860.jpg?version=20201209183509.0""/>
</a>",55,"<p adult_yn=""N"" class=""title"">
<a adultcheckval=""1"" aria-label=""새창"" href=""javascript:;"" onclick=""bugs.wiselog.area('list_tr_09_chart');bugs.music.listen('6030580',true);
"" title=""어김없이 이 거리에"">어김없이 이 거리에</a>
</p>","<p class=""artist"">
<a href=""https://music.bugs.co.kr/artist/80213200?wl_ref=list_tr_10_chart"" onclick=""
"" title=""정승환"">정승환</a>
</p>","<a class=""album"" href=""https://music.bugs.co.kr/album/4017860?wl_ref=list_tr_11_chart"" onclick=""
"" title=""어김없이 이 거리에"">어김없이 이 거리에</a>"
55,"<a class=""thumbnail"" href=""https://music.bugs.co.kr/album/20316388?wl_ref=list_tr_07_chart"" onclick=""
"">
<span class=""mask""></span>
<img alt=""내일은 미스터트롯 우승자 특전곡 대표이미지"" onerror=""bugs.utils.imgError(this);"" src=""https://image.bugsm.co.kr/album/images/50/203163/20316388.jpg?version=20200404002319.0""/>
</a>",56,"<p adult_yn=""N"" class=""title"">
<a adultcheckval=""1"" aria-label=""새창"" href=""javascript:;"" onclick=""bugs.wiselog.area('list_tr_09_chart');bugs.music.listen('31877218',true);
"" title=""이제 나만 믿어요"">이제 나만 믿어요</a>
</p>","<p class=""artist"">
<a href=""https://music.bugs.co.kr/artist/80265501?wl_ref=list_tr_10_chart"" onclick=""
"" title=""임영웅"">임영웅</a>
</p>","<a class=""album"" href=""https://music.bugs.co.kr/album/20316388?wl_ref=list_tr_11_chart"" onclick=""
"" title=""내일은 미스터트롯 우승자 특전곡"">내일은 미스터트롯 우승자 특전곡</a>"
56,"<a class=""thumbnail"" href=""https://music.bugs.co.kr/album/20368694?wl_ref=list_tr_07_chart"" onclick=""
"">
<span class=""mask""></span>
<img alt=""놀이공원 (Amusement Park) 대표이미지"" onerror=""bugs.utils.imgError(this);"" src=""https://image.bugsm.co.kr/album/images/50/203686/20368694.jpg?version=20201222002540.0""/>
</a>",57,"<p adult_yn=""N"" class=""title"">
<a adultcheckval=""1"" aria-label=""새창"" href=""javascript:;"" onclick=""bugs.wiselog.area('list_tr_09_chart');bugs.music.listen('32105871',true);
"" title=""놀이공원 (Amusement Park)"">놀이공원 (Amusement Park)</a>
</p>","<p class=""artist"">
<a href=""https://music.bugs.co.kr/artist/80120269?wl_ref=list_tr_10_chart"" onclick=""
"" title=""백현(BAEKHYUN)"">백현(BAEKHYUN)</a>
</p>","<a class=""album"" href=""https://music.bugs.co.kr/album/20368694?wl_ref=list_tr_11_chart"" onclick=""
"" title=""놀이공원 (Amusement Park)"">놀이공원 (Amusement Park)</a>"
57,"<a class=""thumbnail"" href=""https://music.bugs.co.kr/album/20306376?wl_ref=list_tr_07_chart"" onclick=""
"">
<span class=""mask""></span>
<img alt=""사랑의 불시착 OST Part 11 대표이미지"" onerror=""bugs.utils.imgError(this);"" src=""https://image.bugsm.co.kr/album/images/50/203063/20306376.jpg?version=20200702175009.0""/>
</a>",58,"<p adult_yn=""N"" class=""title"">
<a adultcheckval=""1"" aria-label=""새창"" href=""javascript:;"" onclick=""bugs.wiselog.area('list_tr_09_chart');bugs.music.listen('31833551',true);
"" title=""마음을 드려요"">마음을 드려요</a>
</p>","<p class=""artist"">
<a href=""https://music.bugs.co.kr/artist/80049126?wl_ref=list_tr_10_chart"" onclick=""
"" title=""아이유(IU)"">아이유(IU)</a>
</p>","<a class=""album"" href=""https://music.bugs.co.kr/album/20306376?wl_ref=list_tr_11_chart"" onclick=""
"" title=""사랑의 불시착 OST Part 11"">사랑의 불시착 OST Part 11</a>"
58,"<a class=""thumbnail"" href=""https://music.bugs.co.kr/album/20365092?wl_ref=list_tr_07_chart"" onclick=""
"">
<span class=""mask""></span>
<img alt=""쇼미더머니 9 Episode 3 대표이미지"" onerror=""bugs.utils.imgError(this);"" src=""https://image.bugsm.co.kr/album/images/50/203650/20365092.jpg?version=20201207145956.0""/>
</a>",59,"<p adult_yn=""N"" class=""title"">
<a adultcheckval=""1"" aria-label=""새창"" href=""javascript:;"" onclick=""bugs.wiselog.area('list_tr_09_chart');bugs.music.listen('32089759',true);
"" title=""적외선 카메라"">적외선 카메라</a>
</p>","<p class=""artist"">
<a href=""https://music.bugs.co.kr/artist/80250993?wl_ref=list_tr_10_chart"" onclick=""
"" title=""원슈타인"">원슈타인</a>
</p>","<a class=""album"" href=""https://music.bugs.co.kr/album/20365092?wl_ref=list_tr_11_chart"" onclick=""
"" title=""쇼미더머니 9 Episode 3"">쇼미더머니 9 Episode 3</a>"
59,"<a class=""thumbnail"" href=""https://music.bugs.co.kr/album/20343349?wl_ref=list_tr_07_chart"" onclick=""
"">
<span class=""mask""></span>
<img alt=""When We Disco 대표이미지"" onerror=""bugs.utils.imgError(this);"" src=""https://image.bugsm.co.kr/album/images/50/203433/20343349.jpg?version=20200813002353.0""/>
</a>",60,"<p adult_yn=""N"" class=""title"">
<a adultcheckval=""1"" aria-label=""새창"" href=""javascript:;"" onclick=""bugs.wiselog.area('list_tr_09_chart');bugs.music.listen('31993235',true);
"" title=""When We Disco (Duet with 선미)"">When We Disco (Duet with 선미)</a>
</p>","<p class=""artist"">
<a href=""https://music.bugs.co.kr/artist/15252?wl_ref=list_tr_10_chart"" onclick=""
"" title=""박진영"">박진영</a>
</p>","<a class=""album"" href=""https://music.bugs.co.kr/album/20343349?wl_ref=list_tr_11_chart"" onclick=""
"" title=""When We Disco"">When We Disco</a>"
60,"<a class=""thumbnail"" href=""https://music.bugs.co.kr/album/999430?wl_ref=list_tr_07_chart"" onclick=""
"">
<span class=""mask""></span>
<img alt=""너도 아는 대표이미지"" onerror=""bugs.utils.imgError(this);"" src=""https://image.bugsm.co.kr/album/images/50/9994/999430.jpg?version=20201028063825.0""/>
</a>",61,"<p adult_yn=""N"" class=""title"">
<a adultcheckval=""1"" aria-label=""새창"" href=""javascript:;"" onclick=""bugs.wiselog.area('list_tr_09_chart');bugs.music.listen('6007616',true);
"" title=""너도 아는"">너도 아는</a>
</p>","<p class=""artist"">
<a href=""https://music.bugs.co.kr/artist/80178689?wl_ref=list_tr_10_chart"" onclick=""
"" title=""폴킴(Paul Kim)"">폴킴(Paul Kim)</a>
</p>","<a class=""album"" href=""https://music.bugs.co.kr/album/999430?wl_ref=list_tr_11_chart"" onclick=""
"" title=""너도 아는"">너도 아는</a>"
61,"<a class=""thumbnail"" href=""https://music.bugs.co.kr/album/4014140?wl_ref=list_tr_07_chart"" onclick=""
"">
<span class=""mask""></span>
<img alt=""뻔한남자 대표이미지"" onerror=""bugs.utils.imgError(this);"" src=""https://image.bugsm.co.kr/album/images/50/40141/4014140.jpg?version=20201116063623.0""/>
</a>",62,"<p adult_yn=""N"" class=""title"">
<a adultcheckval=""1"" aria-label=""새창"" href=""javascript:;"" onclick=""bugs.wiselog.area('list_tr_09_chart');bugs.music.listen('6017645',true);
"" title=""뻔한남자"">뻔한남자</a>
</p>","<p class=""artist"">
<a href=""https://music.bugs.co.kr/artist/72184?wl_ref=list_tr_10_chart"" onclick=""
"" title=""이승기"">이승기</a>
</p>","<a class=""album"" href=""https://music.bugs.co.kr/album/4014140?wl_ref=list_tr_11_chart"" onclick=""
"" title=""뻔한남자"">뻔한남자</a>"
62,"<a class=""thumbnail"" href=""https://music.bugs.co.kr/album/996710?wl_ref=list_tr_07_chart"" onclick=""
"">
<span class=""mask""></span>
<img alt=""밤하늘의 저 별처럼 (브람스를 좋아하세요? OST 스페셜 트랙) 대표이미지"" onerror=""bugs.utils.imgError(this);"" src=""https://image.bugsm.co.kr/album/images/50/9967/996710.jpg?version=20201017082947.0""/>
</a>",63,"<p adult_yn=""N"" class=""title"">
<a adultcheckval=""1"" aria-label=""새창"" href=""javascript:;"" onclick=""bugs.wiselog.area('list_tr_09_chart');bugs.music.listen('5993034',true);
"" title=""밤하늘의 저 별처럼"">밤하늘의 저 별처럼</a>
</p>","<p class=""artist"">
<!-- a tag title -->
<a class=""artistTitle"" href=""https://music.bugs.co.kr/artist/80178434?wl_ref=list_tr_10_chart"" title=""헤이즈(Heize)"">헤이즈(Heize)</a>
<!-- a tag link -->
<a class=""more"" href=""javascript:void(0);"" name=""atag_martist_list"" onclick=""bugs.layermenu.openMultiArtistSearchResultPopLayer(this, '헤이즈||헤이즈(Heize)||80178434||OK\\n펀치||펀치 (Punch)||8059652||OK', ''); return false;"" title=""아티스트 전체보기"" wise_log_str=""?wl_ref=list_tr_10_chart"">
헤이즈(Heize)
</a> </p>","<a class=""album"" href=""https://music.bugs.co.kr/album/996710?wl_ref=list_tr_11_chart"" onclick=""
"" title=""밤하늘의 저 별처럼 (브람스를 좋아하세요? OST 스페셜 트랙)"">밤하늘의 저 별처럼 (브람스를 좋아하세요? OST 스페셜 트랙)</a>"
63,"<a class=""thumbnail"" href=""https://music.bugs.co.kr/album/20367316?wl_ref=list_tr_07_chart"" onclick=""
"">
<span class=""mask""></span>
<img alt=""What Do I Call You - The 4th Mini Album 대표이미지"" onerror=""bugs.utils.imgError(this);"" src=""https://image.bugsm.co.kr/album/images/50/203673/20367316.jpg?version=20201228113002.0""/>
</a>",64,"<p adult_yn=""N"" class=""title"">
<a adultcheckval=""1"" aria-label=""새창"" href=""javascript:;"" onclick=""bugs.wiselog.area('list_tr_09_chart');bugs.music.listen('32099908',true);
"" title=""To the moon"">To the moon</a>
</p>","<p class=""artist"">
<a href=""https://music.bugs.co.kr/artist/80026437?wl_ref=list_tr_10_chart"" onclick=""
"" title=""태연 (TAEYEON)"">태연 (TAEYEON)</a>
</p>","<a class=""album"" href=""https://music.bugs.co.kr/album/20367316?wl_ref=list_tr_11_chart"" onclick=""
"" title=""What Do I Call You - The 4th Mini Album"">What Do I Call You - The 4th Mini Album</a>"
64,"<a class=""thumbnail"" href=""https://music.bugs.co.kr/album/20360813?wl_ref=list_tr_07_chart"" onclick=""
"">
<span class=""mask""></span>
<img alt=""HAPPENING 대표이미지"" onerror=""bugs.utils.imgError(this);"" src=""https://image.bugsm.co.kr/album/images/50/203608/20360813.jpg?version=20201118102500.0""/>
</a>",65,"<p adult_yn=""N"" class=""title"">
<a adultcheckval=""1"" aria-label=""새창"" href=""javascript:;"" onclick=""bugs.wiselog.area('list_tr_09_chart');bugs.music.listen('32070394',true);
"" title=""HAPPENING"">HAPPENING</a>
</p>","<p class=""artist"">
<a href=""https://music.bugs.co.kr/artist/80141499?wl_ref=list_tr_10_chart"" onclick=""
"" title=""AKMU (악동뮤지션)"">AKMU (악동뮤지션)</a>
</p>","<a class=""album"" href=""https://music.bugs.co.kr/album/20360813?wl_ref=list_tr_11_chart"" onclick=""
"" title=""HAPPENING"">HAPPENING</a>"
65,"<a class=""thumbnail"" href=""https://music.bugs.co.kr/album/20237198?wl_ref=list_tr_07_chart"" onclick=""
"">
<span class=""mask""></span>
<img alt=""전설 대표이미지"" onerror=""bugs.utils.imgError(this);"" src=""https://image.bugsm.co.kr/album/images/50/202371/20237198.jpg?version=20200401043144.0""/>
</a>",66,"<p adult_yn=""N"" class=""title"">
<a adultcheckval=""1"" aria-label=""새창"" href=""javascript:;"" onclick=""bugs.wiselog.area('list_tr_09_chart');bugs.music.listen('31501137',true);
"" title=""주저하는 연인들을 위해"">주저하는 연인들을 위해</a>
</p>","<p class=""artist"">
<a href=""https://music.bugs.co.kr/artist/80188909?wl_ref=list_tr_10_chart"" onclick=""
"" title=""잔나비"">잔나비</a>
</p>","<a class=""album"" href=""https://music.bugs.co.kr/album/20237198?wl_ref=list_tr_11_chart"" onclick=""
"" title=""전설"">전설</a>"
66,"<a class=""thumbnail"" href=""https://music.bugs.co.kr/album/340045?wl_ref=list_tr_07_chart"" onclick=""
"">
<span class=""mask""></span>
<img alt=""오래된 노래 대표이미지"" onerror=""bugs.utils.imgError(this);"" src=""https://image.bugsm.co.kr/album/images/50/3400/340045.jpg?version=20200629170942.0""/>
</a>",67,"<p adult_yn=""N"" class=""title"">
<a adultcheckval=""1"" aria-label=""새창"" href=""javascript:;"" onclick=""bugs.wiselog.area('list_tr_09_chart');bugs.music.listen('2746407',true);
"" title=""오래된 노래"">오래된 노래</a>
</p>","<p class=""artist"">
<a href=""https://music.bugs.co.kr/artist/80067125?wl_ref=list_tr_10_chart"" onclick=""
"" title=""스탠딩 에그(Standing Egg)"">스탠딩 에그(Standing Egg)</a>
</p>","<a class=""album"" href=""https://music.bugs.co.kr/album/340045?wl_ref=list_tr_11_chart"" onclick=""
"" title=""오래된 노래"">오래된 노래</a>"
67,"<a class=""thumbnail"" href=""https://music.bugs.co.kr/album/20278851?wl_ref=list_tr_07_chart"" onclick=""
"">
<span class=""mask""></span>
<img alt=""항해 대표이미지"" onerror=""bugs.utils.imgError(this);"" src=""https://image.bugsm.co.kr/album/images/50/202788/20278851.jpg?version=20190926003311.0""/>
</a>",68,"<p adult_yn=""N"" class=""title"">
<a adultcheckval=""1"" aria-label=""새창"" href=""javascript:;"" onclick=""bugs.wiselog.area('list_tr_09_chart');bugs.music.listen('31708907',true);
"" title=""어떻게 이별까지 사랑하겠어, 널 사랑하는 거지"">어떻게 이별까지 사랑하겠어, 널 사랑하는 거지</a>
</p>","<p class=""artist"">
<a href=""https://music.bugs.co.kr/artist/80141499?wl_ref=list_tr_10_chart"" onclick=""
"" title=""AKMU (악동뮤지션)"">AKMU (악동뮤지션)</a>
</p>","<a class=""album"" href=""https://music.bugs.co.kr/album/20278851?wl_ref=list_tr_11_chart"" onclick=""
"" title=""항해"">항해</a>"
68,"<a class=""thumbnail"" href=""https://music.bugs.co.kr/album/20089092?wl_ref=list_tr_07_chart"" onclick=""
"">
<span class=""mask""></span>
<img alt=""밤편지 대표이미지"" onerror=""bugs.utils.imgError(this);"" src=""https://image.bugsm.co.kr/album/images/50/200890/20089092.jpg?version=20200401042357.0""/>
</a>",69,"<p adult_yn=""N"" class=""title"">
<a adultcheckval=""1"" aria-label=""새창"" href=""javascript:;"" onclick=""bugs.wiselog.area('list_tr_09_chart');bugs.music.listen('30598121',true);
"" title=""밤편지"">밤편지</a>
</p>","<p class=""artist"">
<a href=""https://music.bugs.co.kr/artist/80049126?wl_ref=list_tr_10_chart"" onclick=""
"" title=""아이유(IU)"">아이유(IU)</a>
</p>","<a class=""album"" href=""https://music.bugs.co.kr/album/20089092?wl_ref=list_tr_11_chart"" onclick=""
"" title=""밤편지"">밤편지</a>"
69,"<a class=""thumbnail"" href=""https://music.bugs.co.kr/album/20246036?wl_ref=list_tr_07_chart"" onclick=""
"">
<span class=""mask""></span>
<img alt=""MAP OF THE SOUL : PERSONA 대표이미지"" onerror=""bugs.utils.imgError(this);"" src=""https://image.bugsm.co.kr/album/images/50/202460/20246036.jpg?version=20200226002242.0""/>
</a>",70,"<p adult_yn=""N"" class=""title"">
<a adultcheckval=""1"" aria-label=""새창"" href=""javascript:;"" onclick=""bugs.wiselog.area('list_tr_09_chart');bugs.music.listen('31548668',true);
"" title=""작은 것들을 위한 시 (Boy With Luv) (Feat. Halsey)"">작은 것들을 위한 시 (Boy With Luv) (Feat. Halsey)</a>
</p>","<p class=""artist"">
<!-- a tag title -->
<a class=""artistTitle"" href=""https://music.bugs.co.kr/artist/80079394?wl_ref=list_tr_10_chart"" title=""방탄소년단"">방탄소년단</a>
<!-- a tag link -->
<a class=""more"" href=""javascript:void(0);"" name=""atag_martist_list"" onclick=""bugs.layermenu.openMultiArtistSearchResultPopLayer(this, '방탄소년단||방탄소년단||80079394||OK\\nHalsey||Halsey(할시)||80230076||OK', ''); return false;"" title=""아티스트 전체보기"" wise_log_str=""?wl_ref=list_tr_10_chart"">
방탄소년단
</a> </p>","<a class=""album"" href=""https://music.bugs.co.kr/album/20246036?wl_ref=list_tr_11_chart"" onclick=""
"" title=""MAP OF THE SOUL : PERSONA"">MAP OF THE SOUL : PERSONA</a>"
70,"<a class=""thumbnail"" href=""https://music.bugs.co.kr/album/20291742?wl_ref=list_tr_07_chart"" onclick=""
"">
<span class=""mask""></span>
<img alt=""Boyhood 대표이미지"" onerror=""bugs.utils.imgError(this);"" src=""https://image.bugsm.co.kr/album/images/50/202917/20291742.jpg?version=20200527002717.0""/>
</a>",71,"<p adult_yn=""N"" class=""title"">
<a adultcheckval=""1"" aria-label=""새창"" href=""javascript:;"" onclick=""bugs.wiselog.area('list_tr_09_chart');bugs.music.listen('31769281',true);
"" title=""METEOR"">METEOR</a>
</p>","<p class=""artist"">
<a href=""https://music.bugs.co.kr/artist/80189299?wl_ref=list_tr_10_chart"" onclick=""
"" title=""창모(CHANGMO)"">창모(CHANGMO)</a>
</p>","<a class=""album"" href=""https://music.bugs.co.kr/album/20291742?wl_ref=list_tr_11_chart"" onclick=""
"" title=""Boyhood"">Boyhood</a>"
71,"<a class=""thumbnail"" href=""https://music.bugs.co.kr/album/20334444?wl_ref=list_tr_07_chart"" onclick=""
"">
<span class=""mask""></span>
<img alt=""María 대표이미지"" onerror=""bugs.utils.imgError(this);"" src=""https://image.bugsm.co.kr/album/images/50/203344/20334444.jpg?version=20200717120003.0""/>
</a>",72,"<p adult_yn=""N"" class=""title"">
<a adultcheckval=""1"" aria-label=""새창"" href=""javascript:;"" onclick=""bugs.wiselog.area('list_tr_09_chart');bugs.music.listen('31955568',true);
"" title=""마리아 (Maria)"">마리아 (Maria)</a>
</p>","<p class=""artist"">
<a href=""https://music.bugs.co.kr/artist/80177861?wl_ref=list_tr_10_chart"" onclick=""
"" title=""화사(Hwa Sa)"">화사(Hwa Sa)</a>
</p>","<a class=""album"" href=""https://music.bugs.co.kr/album/20334444?wl_ref=list_tr_11_chart"" onclick=""
"" title=""María"">María</a>"
72,"<a class=""thumbnail"" href=""https://music.bugs.co.kr/album/997418?wl_ref=list_tr_07_chart"" onclick=""
"">
<span class=""mask""></span>
<img alt=""DON'T TOUCH ME 대표이미지"" onerror=""bugs.utils.imgError(this);"" src=""https://image.bugsm.co.kr/album/images/50/9974/997418.jpg?version=20201102161000.0""/>
</a>",73,"<p adult_yn=""N"" class=""title"">
<a adultcheckval=""1"" aria-label=""새창"" href=""javascript:;"" onclick=""bugs.wiselog.area('list_tr_09_chart');bugs.music.listen('5995640',true);
"" title=""DON'T TOUCH ME"">DON'T TOUCH ME</a>
</p>","<p class=""artist"">
<a href=""https://music.bugs.co.kr/artist/80346761?wl_ref=list_tr_10_chart"" onclick=""
"" title=""환불원정대"">환불원정대</a>
</p>","<a class=""album"" href=""https://music.bugs.co.kr/album/997418?wl_ref=list_tr_11_chart"" onclick=""
"" title=""DON'T TOUCH ME"">DON'T TOUCH ME</a>"
73,"<a class=""thumbnail"" href=""https://music.bugs.co.kr/album/20286013?wl_ref=list_tr_07_chart"" onclick=""
"">
<span class=""mask""></span>
<img alt=""Love poem 대표이미지"" onerror=""bugs.utils.imgError(this);"" src=""https://image.bugsm.co.kr/album/images/50/202860/20286013.jpg?version=20200401043431.0""/>
</a>",74,"<p adult_yn=""N"" class=""title"">
<a adultcheckval=""1"" aria-label=""새창"" href=""javascript:;"" onclick=""bugs.wiselog.area('list_tr_09_chart');bugs.music.listen('31740348',true);
"" title=""Love poem"">Love poem</a>
</p>","<p class=""artist"">
<a href=""https://music.bugs.co.kr/artist/80049126?wl_ref=list_tr_10_chart"" onclick=""
"" title=""아이유(IU)"">아이유(IU)</a>
</p>","<a class=""album"" href=""https://music.bugs.co.kr/album/20286013?wl_ref=list_tr_11_chart"" onclick=""
"" title=""Love poem"">Love poem</a>"
74,"<a class=""thumbnail"" href=""https://music.bugs.co.kr/album/955312?wl_ref=list_tr_07_chart"" onclick=""
"">
<span class=""mask""></span>
<img alt=""나의슬픔(My Sadness) 대표이미지"" onerror=""bugs.utils.imgError(this);"" src=""https://image.bugsm.co.kr/album/images/50/9553/955312.jpg?version=20200617154403.0""/>
</a>",75,"<p adult_yn=""N"" class=""title"">
<a adultcheckval=""1"" aria-label=""새창"" href=""javascript:;"" onclick=""bugs.wiselog.area('list_tr_09_chart');bugs.music.listen('5803503',true);
"" title=""사랑은 (Feat.원슈타인)"">사랑은 (Feat.원슈타인)</a>
</p>","<p class=""artist"">
<a href=""https://music.bugs.co.kr/artist/20069224?wl_ref=list_tr_10_chart"" onclick=""
"" title=""마미손"">마미손</a>
</p>","<a class=""album"" href=""https://music.bugs.co.kr/album/955312?wl_ref=list_tr_11_chart"" onclick=""
"" title=""나의슬픔(My Sadness)"">나의슬픔(My Sadness)</a>"
75,"<a class=""thumbnail"" href=""https://music.bugs.co.kr/album/996276?wl_ref=list_tr_07_chart"" onclick=""
"">
<span class=""mask""></span>
<img alt=""Bad Boy 대표이미지"" onerror=""bugs.utils.imgError(this);"" src=""https://image.bugsm.co.kr/album/images/50/9962/996276.jpg?version=20201006142000.0""/>
</a>",76,"<p adult_yn=""N"" class=""title"">
<a adultcheckval=""1"" aria-label=""새창"" href=""javascript:;"" onclick=""bugs.wiselog.area('list_tr_09_chart');bugs.music.listen('5990595',true);
"" title=""Bad Boy"">Bad Boy</a>
</p>","<p class=""artist"">
<!-- a tag title -->
<a class=""artistTitle"" href=""https://music.bugs.co.kr/artist/80259080?wl_ref=list_tr_10_chart"" title=""청하"">청하</a>
<!-- a tag link -->
<a class=""more"" href=""javascript:void(0);"" name=""atag_martist_list"" onclick=""bugs.layermenu.openMultiArtistSearchResultPopLayer(this, '청하||청하||80259080||OK\\nChristopher||Christopher(크리스토퍼)||80197801||OK', ''); return false;"" title=""아티스트 전체보기"" wise_log_str=""?wl_ref=list_tr_10_chart"">
청하
</a> </p>","<a class=""album"" href=""https://music.bugs.co.kr/album/996276?wl_ref=list_tr_11_chart"" onclick=""
"" title=""Bad Boy"">Bad Boy</a>"
76,"<a class=""thumbnail"" href=""https://music.bugs.co.kr/album/20347347?wl_ref=list_tr_07_chart"" onclick=""
"">
<span class=""mask""></span>
<img alt=""밤새 (취향저격 그녀 X 카더가든) 대표이미지"" onerror=""bugs.utils.imgError(this);"" src=""https://image.bugsm.co.kr/album/images/50/203473/20347347.jpg?version=20200904002503.0""/>
</a>",77,"<p adult_yn=""N"" class=""title"">
<a adultcheckval=""1"" aria-label=""새창"" href=""javascript:;"" onclick=""bugs.wiselog.area('list_tr_09_chart');bugs.music.listen('32010261',true);
"" title=""밤새 (취향저격 그녀 X 카더가든)"">밤새 (취향저격 그녀 X 카더가든)</a>
</p>","<p class=""artist"">
<a href=""https://music.bugs.co.kr/artist/80153142?wl_ref=list_tr_10_chart"" onclick=""
"" title=""카더가든"">카더가든</a>
</p>","<a class=""album"" href=""https://music.bugs.co.kr/album/20347347?wl_ref=list_tr_11_chart"" onclick=""
"" title=""밤새 (취향저격 그녀 X 카더가든)"">밤새 (취향저격 그녀 X 카더가든)</a>"
77,"<a class=""thumbnail"" href=""https://music.bugs.co.kr/album/20314288?wl_ref=list_tr_07_chart"" onclick=""
"">
<span class=""mask""></span>
<img alt=""슬기로운 의사생활 OST Part 3 대표이미지"" onerror=""bugs.utils.imgError(this);"" src=""https://image.bugsm.co.kr/album/images/50/203142/20314288.jpg?version=20200328002437.0""/>
</a>",78,"<p adult_yn=""N"" class=""title"">
<a adultcheckval=""1"" aria-label=""새창"" href=""javascript:;"" onclick=""bugs.wiselog.area('list_tr_09_chart');bugs.music.listen('31867170',true);
"" title=""아로하"">아로하</a>
</p>","<p class=""artist"">
<a href=""https://music.bugs.co.kr/artist/80019942?wl_ref=list_tr_10_chart"" onclick=""
"" title=""조정석"">조정석</a>
</p>","<a class=""album"" href=""https://music.bugs.co.kr/album/20314288?wl_ref=list_tr_11_chart"" onclick=""
"" title=""슬기로운 의사생활 OST Part 3"">슬기로운 의사생활 OST Part 3</a>"
78,"<a class=""thumbnail"" href=""https://music.bugs.co.kr/album/20339176?wl_ref=list_tr_07_chart"" onclick=""
"">
<span class=""mask""></span>
<img alt=""홀로 대표이미지"" onerror=""bugs.utils.imgError(this);"" src=""https://image.bugsm.co.kr/album/images/50/203391/20339176.jpg?version=20200724002835.0""/>
</a>",79,"<p adult_yn=""N"" class=""title"">
<a adultcheckval=""1"" aria-label=""새창"" href=""javascript:;"" onclick=""bugs.wiselog.area('list_tr_09_chart');bugs.music.listen('31975363',true);
"" title=""홀로"">홀로</a>
</p>","<p class=""artist"">
<a href=""https://music.bugs.co.kr/artist/80123277?wl_ref=list_tr_10_chart"" onclick=""
"" title=""이하이"">이하이</a>
</p>","<a class=""album"" href=""https://music.bugs.co.kr/album/20339176?wl_ref=list_tr_11_chart"" onclick=""
"" title=""홀로"">홀로</a>"
79,"<a class=""thumbnail"" href=""https://music.bugs.co.kr/album/350890?wl_ref=list_tr_07_chart"" onclick=""
"">
<span class=""mask""></span>
<img alt=""Jelly Christmas 2012 HEART PROJECT 대표이미지"" onerror=""bugs.utils.imgError(this);"" src=""https://image.bugsm.co.kr/album/images/50/3508/350890.jpg?version=20200629172022.0""/>
</a>",80,"<p adult_yn=""N"" class=""title"">
<a adultcheckval=""1"" aria-label=""새창"" href=""javascript:;"" onclick=""bugs.wiselog.area('list_tr_09_chart');bugs.music.listen('2833747',true);
"" title=""크리스마스니까"">크리스마스니까</a>
</p>","<p class=""artist"">
<!-- a tag title -->
<a class=""artistTitle"" href=""https://music.bugs.co.kr/artist/2946?wl_ref=list_tr_10_chart"" title=""성시경"">성시경</a>
<!-- a tag link -->
<a class=""more"" href=""javascript:void(0);"" name=""atag_martist_list"" onclick=""bugs.layermenu.openMultiArtistSearchResultPopLayer(this, '성시경||성시경||2946||OK\\n박효신||박효신||1876||OK\\n이석훈||이석훈||80043328||OK\\n서인국||서인국||80060642||OK\\nVIXX(빅스)||VIXX(빅스)||80127088||OK', ''); return false;"" title=""아티스트 전체보기"" wise_log_str=""?wl_ref=list_tr_10_chart"">
성시경
</a> </p>","<a class=""album"" href=""https://music.bugs.co.kr/album/350890?wl_ref=list_tr_11_chart"" onclick=""
"" title=""Jelly Christmas 2012 HEART PROJECT"">Jelly Christmas 2012 HEART PROJECT</a>"
80,"<a class=""thumbnail"" href=""https://music.bugs.co.kr/album/4017160?wl_ref=list_tr_07_chart"" onclick=""
"">
<span class=""mask""></span>
<img alt=""한 번에 알아본 사랑 (바른연애 길잡이 X 양요섭) 대표이미지"" onerror=""bugs.utils.imgError(this);"" src=""https://image.bugsm.co.kr/album/images/50/40171/4017160.jpg?version=20201207113900.0""/>
</a>",81,"<p adult_yn=""N"" class=""title"">
<a adultcheckval=""1"" aria-label=""새창"" href=""javascript:;"" onclick=""bugs.wiselog.area('list_tr_09_chart');bugs.music.listen('6028763',true);
"" title=""한 번에 알아본 사랑 (바른연애 길잡이 X 양요섭)"">한 번에 알아본 사랑 (바른연애 길잡이 X 양요섭)</a>
</p>","<p class=""artist"">
<a href=""https://music.bugs.co.kr/artist/80060356?wl_ref=list_tr_10_chart"" onclick=""
"" title=""양요섭"">양요섭</a>
</p>","<a class=""album"" href=""https://music.bugs.co.kr/album/4017160?wl_ref=list_tr_11_chart"" onclick=""
"" title=""한 번에 알아본 사랑 (바른연애 길잡이 X 양요섭)"">한 번에 알아본 사랑 (바른연애 길잡이 X 양요섭)</a>"
81,"<a class=""thumbnail"" href=""https://music.bugs.co.kr/album/4018961?wl_ref=list_tr_07_chart"" onclick=""
"">
<span class=""mask""></span>
<img alt=""한잔이면 지워질까 대표이미지"" onerror=""bugs.utils.imgError(this);"" src=""https://image.bugsm.co.kr/album/images/50/40189/4018961.jpg?version=20201229002447.0""/>
</a>",82,"<p adult_yn=""N"" class=""title"">
<a adultcheckval=""1"" aria-label=""새창"" href=""javascript:;"" onclick=""bugs.wiselog.area('list_tr_09_chart');bugs.music.listen('6033744',true);
"" title=""한잔이면 지워질까"">한잔이면 지워질까</a>
</p>","<p class=""artist"">
<a href=""https://music.bugs.co.kr/artist/20041592?wl_ref=list_tr_10_chart"" onclick=""
"" title=""황인욱"">황인욱</a>
</p>","<a class=""album"" href=""https://music.bugs.co.kr/album/4018961?wl_ref=list_tr_11_chart"" onclick=""
"" title=""한잔이면 지워질까"">한잔이면 지워질까</a>"
82,"<a class=""thumbnail"" href=""https://music.bugs.co.kr/album/20287171?wl_ref=list_tr_07_chart"" onclick=""
"">
<span class=""mask""></span>
<img alt=""늦은 밤 너의 집 앞 골목길에서 대표이미지"" onerror=""bugs.utils.imgError(this);"" src=""https://image.bugsm.co.kr/album/images/50/202871/20287171.jpg?version=20200401043433.0""/>
</a>",83,"<p adult_yn=""N"" class=""title"">
<a adultcheckval=""1"" aria-label=""새창"" href=""javascript:;"" onclick=""bugs.wiselog.area('list_tr_09_chart');bugs.music.listen('31746566',true);
"" title=""늦은 밤 너의 집 앞 골목길에서"">늦은 밤 너의 집 앞 골목길에서</a>
</p>","<p class=""artist"">
<a href=""https://music.bugs.co.kr/artist/37709?wl_ref=list_tr_10_chart"" onclick=""
"" title=""노을"">노을</a>
</p>","<a class=""album"" href=""https://music.bugs.co.kr/album/20287171?wl_ref=list_tr_11_chart"" onclick=""
"" title=""늦은 밤 너의 집 앞 골목길에서"">늦은 밤 너의 집 앞 골목길에서</a>"
83,"<a class=""thumbnail"" href=""https://music.bugs.co.kr/album/20364322?wl_ref=list_tr_07_chart"" onclick=""
"">
<span class=""mask""></span>
<img alt=""BETTER – The 10th Album 대표이미지"" onerror=""bugs.utils.imgError(this);"" src=""https://image.bugsm.co.kr/album/images/50/203643/20364322.jpg?version=20201228134731.0""/>
</a>",84,"<p adult_yn=""N"" class=""title"">
<a adultcheckval=""1"" aria-label=""새창"" href=""javascript:;"" onclick=""bugs.wiselog.area('list_tr_09_chart');bugs.music.listen('32085959',true);
"" title=""Better"">Better</a>
</p>","<p class=""artist"">
<a href=""https://music.bugs.co.kr/artist/1168?wl_ref=list_tr_10_chart"" onclick=""
"" title=""보아 (BoA)"">보아 (BoA)</a>
</p>","<a class=""album"" href=""https://music.bugs.co.kr/album/20364322?wl_ref=list_tr_11_chart"" onclick=""
"" title=""BETTER – The 10th Album"">BETTER – The 10th Album</a>"
84,"<a class=""thumbnail"" href=""https://music.bugs.co.kr/album/20362488?wl_ref=list_tr_07_chart"" onclick=""
"">
<span class=""mask""></span>
<img alt=""NCT RESONANCE Pt. 2 - The 2nd Album 대표이미지"" onerror=""bugs.utils.imgError(this);"" src=""https://image.bugsm.co.kr/album/images/50/203624/20362488.jpg?version=20201208002529.0""/>
</a>",85,"<p adult_yn=""N"" class=""title"">
<a adultcheckval=""1"" aria-label=""새창"" href=""javascript:;"" onclick=""bugs.wiselog.area('list_tr_09_chart');bugs.music.listen('32077552',true);
"" title=""90's Love"">90's Love</a>
</p>","<p class=""artist"">
<a href=""https://music.bugs.co.kr/artist/80259109?wl_ref=list_tr_10_chart"" onclick=""
"" title=""NCT U"">NCT U</a>
</p>","<a class=""album"" href=""https://music.bugs.co.kr/album/20362488?wl_ref=list_tr_11_chart"" onclick=""
"" title=""NCT RESONANCE Pt. 2 - The 2nd Album"">NCT RESONANCE Pt. 2 - The 2nd Album</a>"
85,"<a class=""thumbnail"" href=""https://music.bugs.co.kr/album/20368461?wl_ref=list_tr_07_chart"" onclick=""
"">
<span class=""mask""></span>
<img alt=""2020 Antenna Christmas Carol 대표이미지"" onerror=""bugs.utils.imgError(this);"" src=""https://image.bugsm.co.kr/album/images/50/203684/20368461.jpg?version=20201228154249.0""/>
</a>",86,"<p adult_yn=""N"" class=""title"">
<a adultcheckval=""1"" aria-label=""새창"" href=""javascript:;"" onclick=""bugs.wiselog.area('list_tr_09_chart');bugs.music.listen('32104898',true);
"" title=""겨울의 우리들"">겨울의 우리들</a>
</p>","<p class=""artist"">
<!-- a tag title -->
<a class=""artistTitle"" href=""https://music.bugs.co.kr/artist/22751?wl_ref=list_tr_10_chart"" title=""토이(Toy)"">토이(Toy)</a>
<!-- a tag link -->
<a class=""more"" href=""javascript:void(0);"" name=""atag_martist_list"" onclick=""bugs.layermenu.openMultiArtistSearchResultPopLayer(this, '토이||토이(Toy)||22751||OK\\n정승환||정승환||80213200||OK\\n샘김||샘김(Sam Kim)||80182769||OK\\n정재형||정재형||1529||OK\\n루시드폴||루시드폴||419||OK\\n페퍼톤스||페퍼톤스(Peppertones)||80000082||OK\\n박새별||박새별||80049502||OK\\n권진아||권진아||80182768||OK\\n이진아||이진아||80169322||OK\\n윤석철||윤석철||80067018||OK\\n적재||적재||8008787||OK\\nCHAI||CHAI(이수정)||20006942||OK\\n서동환||서동환||80333255||OK', ''); return false;"" title=""아티스트 전체보기"" wise_log_str=""?wl_ref=list_tr_10_chart"">
토이(Toy)
</a> </p>","<a class=""album"" href=""https://music.bugs.co.kr/album/20368461?wl_ref=list_tr_11_chart"" onclick=""
"" title=""2020 Antenna Christmas Carol"">2020 Antenna Christmas Carol</a>"
86,"<a class=""thumbnail"" href=""https://music.bugs.co.kr/album/20367316?wl_ref=list_tr_07_chart"" onclick=""
"">
<span class=""mask""></span>
<img alt=""What Do I Call You - The 4th Mini Album 대표이미지"" onerror=""bugs.utils.imgError(this);"" src=""https://image.bugsm.co.kr/album/images/50/203673/20367316.jpg?version=20201228113002.0""/>
</a>",87,"<p adult_yn=""N"" class=""title"">
<a adultcheckval=""1"" aria-label=""새창"" href=""javascript:;"" onclick=""bugs.wiselog.area('list_tr_09_chart');bugs.music.listen('32099909',true);
"" title=""들불 (Wildfire)"">들불 (Wildfire)</a>
</p>","<p class=""artist"">
<a href=""https://music.bugs.co.kr/artist/80026437?wl_ref=list_tr_10_chart"" onclick=""
"" title=""태연 (TAEYEON)"">태연 (TAEYEON)</a>
</p>","<a class=""album"" href=""https://music.bugs.co.kr/album/20367316?wl_ref=list_tr_11_chart"" onclick=""
"" title=""What Do I Call You - The 4th Mini Album"">What Do I Call You - The 4th Mini Album</a>"
87,"<a class=""thumbnail"" href=""https://music.bugs.co.kr/album/20367316?wl_ref=list_tr_07_chart"" onclick=""
"">
<span class=""mask""></span>
<img alt=""What Do I Call You - The 4th Mini Album 대표이미지"" onerror=""bugs.utils.imgError(this);"" src=""https://image.bugsm.co.kr/album/images/50/203673/20367316.jpg?version=20201228113002.0""/>
</a>",88,"<p adult_yn=""N"" class=""title"">
<a adultcheckval=""1"" aria-label=""새창"" href=""javascript:;"" onclick=""bugs.wiselog.area('list_tr_09_chart');bugs.music.listen('32099910',true);
"" title=""Galaxy"">Galaxy</a>
</p>","<p class=""artist"">
<a href=""https://music.bugs.co.kr/artist/80026437?wl_ref=list_tr_10_chart"" onclick=""
"" title=""태연 (TAEYEON)"">태연 (TAEYEON)</a>
</p>","<a class=""album"" href=""https://music.bugs.co.kr/album/20367316?wl_ref=list_tr_11_chart"" onclick=""
"" title=""What Do I Call You - The 4th Mini Album"">What Do I Call You - The 4th Mini Album</a>"
88,"<a class=""thumbnail"" href=""https://music.bugs.co.kr/album/20310325?wl_ref=list_tr_07_chart"" onclick=""
"">
<span class=""mask""></span>
<img alt=""어떻게 지내 대표이미지"" onerror=""bugs.utils.imgError(this);"" src=""https://image.bugsm.co.kr/album/images/50/203103/20310325.jpg?version=20200609162952.0""/>
</a>",89,"<p adult_yn=""N"" class=""title"">
<a adultcheckval=""1"" aria-label=""새창"" href=""javascript:;"" onclick=""bugs.wiselog.area('list_tr_09_chart');bugs.music.listen('31849691',true);
"" title=""어떻게 지내 (Prod. By VAN.C)"">어떻게 지내 (Prod. By VAN.C)</a>
</p>","<p class=""artist"">
<a href=""https://music.bugs.co.kr/artist/20006511?wl_ref=list_tr_10_chart"" onclick=""
"" title=""오반 (OVAN)"">오반 (OVAN)</a>
</p>","<a class=""album"" href=""https://music.bugs.co.kr/album/20310325?wl_ref=list_tr_11_chart"" onclick=""
"" title=""어떻게 지내"">어떻게 지내</a>"
89,"<a class=""thumbnail"" href=""https://music.bugs.co.kr/album/933832?wl_ref=list_tr_07_chart"" onclick=""
"">
<span class=""mask""></span>
<img alt=""Memories 대표이미지"" onerror=""bugs.utils.imgError(this);"" src=""https://image.bugsm.co.kr/album/images/50/9338/933832.jpg?version=20191125125010.0""/>
</a>",90,"<p adult_yn=""N"" class=""title"">
<a adultcheckval=""1"" aria-label=""새창"" href=""javascript:;"" onclick=""bugs.wiselog.area('list_tr_09_chart');bugs.music.listen('5750602',true);
"" title=""Memories"">Memories</a>
</p>","<p class=""artist"">
<a href=""https://music.bugs.co.kr/artist/55461?wl_ref=list_tr_10_chart"" onclick=""
"" title=""Maroon 5(마룬 파이브)"">Maroon 5(마룬 파이브)</a>
</p>","<a class=""album"" href=""https://music.bugs.co.kr/album/933832?wl_ref=list_tr_11_chart"" onclick=""
"" title=""Memories"">Memories</a>"
90,"<a class=""thumbnail"" href=""https://music.bugs.co.kr/album/20368168?wl_ref=list_tr_07_chart"" onclick=""
"">
<span class=""mask""></span>
<img alt=""CRY FOR ME 대표이미지"" onerror=""bugs.utils.imgError(this);"" src=""https://image.bugsm.co.kr/album/images/50/203681/20368168.jpg?version=20201219002429.0""/>
</a>",91,"<p adult_yn=""N"" class=""title"">
<a adultcheckval=""1"" aria-label=""새창"" href=""javascript:;"" onclick=""bugs.wiselog.area('list_tr_09_chart');bugs.music.listen('32103704',true);
"" title=""CRY FOR ME"">CRY FOR ME</a>
</p>","<p class=""artist"">
<a href=""https://music.bugs.co.kr/artist/80249916?wl_ref=list_tr_10_chart"" onclick=""
"" title=""TWICE (트와이스)"">TWICE (트와이스)</a>
</p>","<a class=""album"" href=""https://music.bugs.co.kr/album/20368168?wl_ref=list_tr_11_chart"" onclick=""
"" title=""CRY FOR ME"">CRY FOR ME</a>"
91,"<a class=""thumbnail"" href=""https://music.bugs.co.kr/album/20366687?wl_ref=list_tr_07_chart"" onclick=""
"">
<span class=""mask""></span>
<img alt=""쇼미더머니 9 Semi Final 대표이미지"" onerror=""bugs.utils.imgError(this);"" src=""https://image.bugsm.co.kr/album/images/50/203666/20366687.jpg?version=20201218163437.0""/>
</a>",92,"<p adult_yn=""N"" class=""title"">
<a adultcheckval=""1"" aria-label=""새창"" href=""javascript:;"" onclick=""bugs.wiselog.area('list_tr_09_chart');bugs.music.listen('32096917',true);
"" title=""고독하구만 (Feat. 수퍼비) (Prod. GroovyRoom)"">고독하구만 (Feat. 수퍼비) (Prod. GroovyRoom)</a>
</p>","<p class=""artist"">
<a href=""https://music.bugs.co.kr/artist/20090743?wl_ref=list_tr_10_chart"" onclick=""
"" title=""머쉬베놈(MUSHVENOM)"">머쉬베놈(MUSHVENOM)</a>
</p>","<a class=""album"" href=""https://music.bugs.co.kr/album/20366687?wl_ref=list_tr_11_chart"" onclick=""
"" title=""쇼미더머니 9 Semi Final"">쇼미더머니 9 Semi Final</a>"
92,"<a class=""thumbnail"" href=""https://music.bugs.co.kr/album/14116820?wl_ref=list_tr_07_chart"" onclick=""
"">
<span class=""mask""></span>
<img alt=""NONSTOP 대표이미지"" onerror=""bugs.utils.imgError(this);"" src=""https://image.bugsm.co.kr/album/images/50/141168/14116820.jpg?version=20200804104856.0""/>
</a>",93,"<p adult_yn=""N"" class=""title"">
<a adultcheckval=""1"" aria-label=""새창"" href=""javascript:;"" onclick=""bugs.wiselog.area('list_tr_09_chart');bugs.music.listen('68635584',true);
"" title=""살짝 설렜어 (Nonstop)"">살짝 설렜어 (Nonstop)</a>
</p>","<p class=""artist"">
<a href=""https://music.bugs.co.kr/artist/80226913?wl_ref=list_tr_10_chart"" onclick=""
"" title=""오마이걸(OH MY GIRL)"">오마이걸(OH MY GIRL)</a>
</p>","<a class=""album"" href=""https://music.bugs.co.kr/album/14116820?wl_ref=list_tr_11_chart"" onclick=""
"" title=""NONSTOP"">NONSTOP</a>"
93,"<a class=""thumbnail"" href=""https://music.bugs.co.kr/album/20366390?wl_ref=list_tr_07_chart"" onclick=""
"">
<span class=""mask""></span>
<img alt=""tellusboutyourself 대표이미지"" onerror=""bugs.utils.imgError(this);"" src=""https://image.bugsm.co.kr/album/images/50/203663/20366390.jpg?version=20201211102254.0""/>
</a>",94,"<p adult_yn=""N"" class=""title"">
<a adultcheckval=""1"" aria-label=""새창"" href=""javascript:;"" onclick=""bugs.wiselog.area('list_tr_09_chart');bugs.music.listen('32095534',true);
"" title=""I am not your ocean anymore"">I am not your ocean anymore</a>
</p>","<p class=""artist"">
<a href=""https://music.bugs.co.kr/artist/80137177?wl_ref=list_tr_10_chart"" onclick=""
"" title=""백예린 (Yerin Baek)"">백예린 (Yerin Baek)</a>
</p>","<a class=""album"" href=""https://music.bugs.co.kr/album/20366390?wl_ref=list_tr_11_chart"" onclick=""
"" title=""tellusboutyourself"">tellusboutyourself</a>"
94,"<a class=""thumbnail"" href=""https://music.bugs.co.kr/album/20361943?wl_ref=list_tr_07_chart"" onclick=""
"">
<span class=""mask""></span>
<img alt=""BE 대표이미지"" onerror=""bugs.utils.imgError(this);"" src=""https://image.bugsm.co.kr/album/images/50/203619/20361943.jpg?version=20201130120023.0""/>
</a>",95,"<p adult_yn=""N"" class=""title"">
<a adultcheckval=""1"" aria-label=""새창"" href=""javascript:;"" onclick=""bugs.wiselog.area('list_tr_09_chart');bugs.music.listen('32075137',true);
"" title=""Blue &amp; Grey"">Blue &amp; Grey</a>
</p>","<p class=""artist"">
<a href=""https://music.bugs.co.kr/artist/80079394?wl_ref=list_tr_10_chart"" onclick=""
"" title=""방탄소년단"">방탄소년단</a>
</p>","<a class=""album"" href=""https://music.bugs.co.kr/album/20361943?wl_ref=list_tr_11_chart"" onclick=""
"" title=""BE"">BE</a>"
95,"<a class=""thumbnail"" href=""https://music.bugs.co.kr/album/20352127?wl_ref=list_tr_07_chart"" onclick=""
"">
<span class=""mask""></span>
<img alt=""THE ALBUM 대표이미지"" onerror=""bugs.utils.imgError(this);"" src=""https://image.bugsm.co.kr/album/images/50/203521/20352127.jpg?version=20201106174952.0""/>
</a>",96,"<p adult_yn=""N"" class=""title"">
<a adultcheckval=""1"" aria-label=""새창"" href=""javascript:;"" onclick=""bugs.wiselog.area('list_tr_09_chart');bugs.music.listen('32031228',true);
"" title=""Pretty Savage"">Pretty Savage</a>
</p>","<p class=""artist"">
<a href=""https://music.bugs.co.kr/artist/20022492?wl_ref=list_tr_10_chart"" onclick=""
"" title=""BLACKPINK"">BLACKPINK</a>
</p>","<a class=""album"" href=""https://music.bugs.co.kr/album/20352127?wl_ref=list_tr_11_chart"" onclick=""
"" title=""THE ALBUM"">THE ALBUM</a>"
96,"<a class=""thumbnail"" href=""https://music.bugs.co.kr/album/20369607?wl_ref=list_tr_07_chart"" onclick=""
"">
<span class=""mask""></span>
<img alt=""불면(sleeplessness) 대표이미지"" onerror=""bugs.utils.imgError(this);"" src=""https://image.bugsm.co.kr/album/images/50/203696/20369607.jpg?version=20201228180001.0""/>
</a>",97,"<p adult_yn=""N"" class=""title"">
<a adultcheckval=""1"" aria-label=""새창"" href=""javascript:;"" onclick=""bugs.wiselog.area('list_tr_09_chart');bugs.music.listen('32109602',true);
"" title=""불면(sleeplessness)"">불면(sleeplessness)</a>
</p>","<p class=""artist"">
<a href=""https://music.bugs.co.kr/artist/80108222?wl_ref=list_tr_10_chart"" onclick=""
"" title=""김필(Kim Feel)"">김필(Kim Feel)</a>
</p>","<a class=""album"" href=""https://music.bugs.co.kr/album/20369607?wl_ref=list_tr_11_chart"" onclick=""
"" title=""불면(sleeplessness)"">불면(sleeplessness)</a>"
97,"<a class=""thumbnail"" href=""https://music.bugs.co.kr/album/4013644?wl_ref=list_tr_07_chart"" onclick=""
"">
<span class=""mask""></span>
<img alt=""Star To A Young Culture 대표이미지"" onerror=""bugs.utils.imgError(this);"" src=""https://image.bugsm.co.kr/album/images/50/40136/4013644.jpg?version=20201113063811.0""/>
</a>",98,"<p adult_yn=""N"" class=""title"">
<a adultcheckval=""1"" aria-label=""새창"" href=""javascript:;"" onclick=""bugs.wiselog.area('list_tr_09_chart');bugs.music.listen('6015754',true);
"" title=""SO BAD"">SO BAD</a>
</p>","<p class=""artist"">
<a href=""https://music.bugs.co.kr/artist/80347276?wl_ref=list_tr_10_chart"" onclick=""
"" title=""STAYC(스테이씨)"">STAYC(스테이씨)</a>
</p>","<a class=""album"" href=""https://music.bugs.co.kr/album/4013644?wl_ref=list_tr_11_chart"" onclick=""
"" title=""Star To A Young Culture"">Star To A Young Culture</a>"
98,"<a class=""thumbnail"" href=""https://music.bugs.co.kr/album/20076172?wl_ref=list_tr_07_chart"" onclick=""
"">
<span class=""mask""></span>
<img alt=""도깨비 (tvN 금토드라마) OST - Part.9 대표이미지"" onerror=""bugs.utils.imgError(this);"" src=""https://image.bugsm.co.kr/album/images/50/200761/20076172.jpg?version=20201008002443.0""/>
</a>",99,"<p adult_yn=""N"" class=""title"">
<a adultcheckval=""1"" aria-label=""새창"" href=""javascript:;"" onclick=""bugs.wiselog.area('list_tr_09_chart');bugs.music.listen('30512359',true);
"" title=""첫눈처럼 너에게 가겠다"">첫눈처럼 너에게 가겠다</a>
</p>","<p class=""artist"">
<a href=""https://music.bugs.co.kr/artist/80120704?wl_ref=list_tr_10_chart"" onclick=""
"" title=""에일리(AILEE)"">에일리(AILEE)</a>
</p>","<a class=""album"" href=""https://music.bugs.co.kr/album/20076172?wl_ref=list_tr_11_chart"" onclick=""
"" title=""도깨비 (tvN 금토드라마) OST - Part.9"">도깨비 (tvN 금토드라마) OST - Part.9</a>"
99,"<a class=""thumbnail"" href=""https://music.bugs.co.kr/album/710656?wl_ref=list_tr_07_chart"" onclick=""
"">
<span class=""mask""></span>
<img alt=""Speak Your Mind [Deluxe] 대표이미지"" onerror=""bugs.utils.imgError(this);"" src=""https://image.bugsm.co.kr/album/images/50/7106/710656.jpg?version=20200424002343.0""/>
</a>",100,"<p adult_yn=""N"" class=""title"">
<a adultcheckval=""1"" aria-label=""새창"" href=""javascript:;"" onclick=""bugs.wiselog.area('list_tr_09_chart');bugs.music.listen('5187028',true);
"" title=""2002"">2002</a>
</p>","<p class=""artist"">
<a href=""https://music.bugs.co.kr/artist/80206415?wl_ref=list_tr_10_chart"" onclick=""
"" title=""Anne-Marie(앤 마리)"">Anne-Marie(앤 마리)</a>
</p>","<a class=""album"" href=""https://music.bugs.co.kr/album/710656?wl_ref=list_tr_11_chart"" onclick=""
"" title=""Speak Your Mind [Deluxe]"">Speak Your Mind [Deluxe]</a>"
