,공원명,면적,주요시설,오시는길,이용시참고사항,구별,addr,lng,lat
0,남산도시자연공원,2896887.0,기반시설 : 광장 45950㎡ 도로 108530㎡ 산책로 6.7㎞ (북측:3.7㎞/남측:3.0㎞) 조경시설 : 연못 1개소(1078㎡) 파고라 분수대 그늘시렁 운동시설 : 테니스장 야구장 궁도장 배드민턴장 교양시설 : 도서관 야외식물원 안중근의사 기념관 편익시설 : 주차장 매점 음수대 팔각정 화장실 밴치 타워전망대 기타시설 : 순환도로 18.9㎞,명동역(남산케이블카 와룡묘 서울애니메이션센터 방면) 도보 명동역 3번출구 → 퍼시픽호텔 방향 → 남산케이블카 매표소 (도보 10분) 명동역 4번출구 → 직진→ 회현사거리(남산 3호터널 방향 좌회전) → 남산오르미 → 남산케이블카 매표소→ 남산 북측순환로 → 잠두봉포토아일랜드→ 팔각정 →서울타워(47분 2.3km) 셔틀버스 명동역 3번 출구 → 동보성주차장 앞 남산케이블카 셔틀버스 이용(무료) 배차시간 1시간 (첫차 11:00 막차 21:30) ☎ 02)753-2403 충무로역(남산골 한옥마을 북측순환로) 도보 충무로역 34번출구 → 남산골 한옥마을 정문(도보 5분) → 서울남산국악당 → 남산골 한옥마을 후문 ？ 남산 북측순환로 (18분 1.2km) 동대입구역(장충단비 장충유아숲체험장 석호정 국립극장) 도보 동대입구역 6번출구 → 국립극장 → 남산 남측순환로→장충 유아숲체험장 → 서울타워 (50분 3.35km) 서울역(남산도서관 안중근의사기념관 방면) 도보 1호선 서울역 4번 출구 → 숭례문 → 힐튼호텔 방향 → 백범광장 → 잠두봉포토아일랜드 → 서울타워 (49분 3.2km) 회현역 34번 출구 → 도동삼거리 → 백범광장 → 서울시교육연구정보원 ？ 잠두봉포토아일랜드 → 서울타워 (32분 1.9km) 버스 서울역 9-1번 출구 → 5번 승강장 402번 승차 → 남산도서관 하차 → 남측순환로 ？ 서울타워(30분 3.29km) 이태원역한강진역버티고개역(한남공원이용지원센터한남유아숲체험장) 도보 한강진역 1번출구 → 100m직진 우측 나무계단(소월로방향) → 하얏트호텔 방향 → 육교건너편 → 공원이용지원센터 (카페 간판있는 건물1층) ？ 한남유아숲체험장 → 남측소나무탐방로(44분2.9km) 버스 서울역 9-1번출구 → 5번 승강장 (402번 승차) → 하얏트호텔 정류장 하차 →  육교 건너편 공원이용지원센터(카페 간판있는 건물1층) (24분 4.8km) 이태원1번출구 → 도보10분 → 용산03번 승차(녹사평역 용산구청 정류장) → 하얏트호텔 종점 하차 ？ 공원이용지원센터(30분 2.8km) 녹사평역 3번출구(녹사평역 용산구청 정류장) → 용산03번 승차 → 하얏트호텔 종점 하차 → 공원이용지원센터(20분 2.2km) 남산정상(서울타워팔각광장) 방면 명동역 3번출구 → 140m 이동 → 명동입구 정류장 05번 탑승 (22분 5.85km) 충무로역 24번출구 (퇴계로3가/한옥마을/한국의집 정류장 대한극장앞 정류장) 02번 승차 (12분 2.54km) 05번 승차 (20분 4.96km) 동대입구역 6번출구  → 후진 240m 이동 → 동대입구역 장충동 정류장 02 03 05번 승차 (16분 3.16km) 서울역 9번 출구 → 남대문경찰서 정류장 03번 승차 (33분 7km) 회현역 5번출구 →남대문시장악세사리전문상가 정류장 05번 승차 (30분 7km) 한강진역 2번 출구 → 03번 승차(21분 4.03km) 이태원역 4번 출구 → 03번 승차(24분 4.92km) 버티고개역 3번 출구 → 03번 승차(16분 2.87km),남산공원 차량통행 금지안내 2005년 5월 1일부터 남산공원에 일반승용차 택시 통행이 금지되었습니다. 남산 서울타워까지 명동 충무로 동대입구역에서 순환버스(020305번)를 이용하세요  ,중구,서울특별시 중구 삼일대로 231(예장동),126.9903773,37.5501402
1,길동생태공원,80683.0,탐방객안내소 야외전시대 관찰대 목재데크 조류관찰대 길동생태문화센터,,매주 월요일은 휴관입니다 사전예약 후 입장하실 수 있습니다. ▶ 인터넷 예약 바로가기(클릭하세요) 공원을 깨끗하게 이용합니다. 대중교통을 이용해 주세요. 기념물 시설물 풀과 나무를 보호합니다. 야생동물보호를 위해 음식물 반입을 금지합니다. 입장시간 10:00 ~ 16:00 (동절기 11~2월) 10:00~17:00(하절기 3~10월)  (공원입장예약 안내 : 이용일 31일 09:00 부터  ~ 당일 15시까지 예약 가능 합니다.),강동구,서울특별시 강동구 천호대로 1291(길동생태공원) ,127.1547791,37.5403935
2,서울숲,480994.0,4개 테마공원: 문화예술공원 자연생태숲 자연체험학습원 습지생태원 주요시설: 가족마당 야외무대 사슴우리 곤충식물원 체육시설 놀이터 산책로 등 ,,지하철 분당선 서울숲역 3번출구 도보로 약5분 2호선 뚝섬역 8번출구 도보로 약 15분거리 중앙선(1호선)응봉역 2번출구 도보로 약 30분 정도 거리  버스(G 지선 B 간선 R 광역 Y 순환) B 141 : 도봉산입구>미아삼거리역>서울숲 후문>도산공원>서울세관 B 145 : 북부수도사업소>답십리 촬영소>서울숲후문>갤러리아백화점>신사역 B 148 : 북부수도사업소>고대앞 삼거리>성동구청>서울숲 후문>압구정동 B 121 : 화계사>고대앞 삼거리>마장역>한양대 정문>서울숲 G 2014 : 자양4동 차고지>영동대교앞>서울숲>왕십리역>동대문역사문화공원 G 2412 : 성수동 차고지>서울숲>노륜산시장앞>잠실역>송파역>수서역 G 2413 : 성수동 차고지>서울숲>뚝섬역>영동대교>한국무역센터(삼성역) G 2224 : 성수동 차고지>서울숲>뚝섬역>성수역>건대역>동서울터미널 승용차 강변북로 서쪽(일산방면) 반포대교 → 1차선에서 ‘용비교?한남동 방향’램프진입 → 용비교 → 성수대교(북단)사거리에서 직진 → 무지개 터널 → 서울숲 주차장 강남방면 성수대교 건너 ‘성수대교(북단)사거리’에서 우회전 → 무지개터널 → 서울숲 주차장 상계동 방면 동부간선도로 → 군자교 → 강변북로 못미쳐 ‘성수대교ㆍ왕십리 방향’으로 진입 → 성수대교(북단)사거리에서 직진→ 무지개터널 → 서울숲 주차장 한강변 자전거도로 성산대교 ↔ 용비교 아래 자전거 도로 ↔ 서울숲 지하통로(성수대교하단) ↔ 광진교 중랑천자전거 도로(광진 성동 중랑 동대문 강북 도봉) ↔ 용비교 아래 자전거 도로 ↔ 서울숲의 지하통로 주차장서울숲주차장 주차요금안내 주차가능 수 : 172대 주차장 면적 : 5675㎡  ,성동구,서울특별시 성동구 뚝섬로 273 (성수동1가) ,127.0417982,37.5430717
3,월드컵공원,2284085.0,평화의 공원 월드컵공원전시관(879㎡) 유니세프광장(2400㎡) 평화광장(5217㎡) 난지연못(24522㎡) 휴게소2개소 화장실 6개소 음수전 2개소 별자리광장(2800㎡) 잔디광장(15110㎡) 야외전시장(5145㎡) 모험놀이터(1133㎡) 피크닉장(멍석20개) 테니스장 2면 평화의정원 1개소 주차장(1242면) 에너지제로하우스 하늘공원 탐방객안내소(103㎡) 풍력발전기 5개소 전망대 20개소 화장실 5개소 음수전 4개소 하늘계단 하늘을 담는 그릇 초지(109567㎡) 난지천공원 인조잔디축구장 게이트볼장(1188㎡) 농구장(420㎡) 음수전 4개소 화장실 5개소 배드민턴장(328㎡) 다목적구장(3240㎡) 장애인놀이터(1591㎡) 어린이놀이터(706㎡) 매점 2개소 잔디광장(16193㎡) 오리연못(3600㎡) 주차장(난지천 196면 임시주차장 250면 장애인주차장 53면) 노을공원 관찰?쉼터데크 전망데크 바람의광장 누에생태체험장 노을캠핑장 파크골프장 노을계단 조각 작품 10 반딧불이 관찰원 커뮤니티센터 난지창작스튜디오 희망의숲 등 매립지 사면 달리기코스(난지순환길 5.8㎞) 수림대 사면녹화 기타시설 지역난방공사 자원회수시설 수소충전시설 수소발전시설 ,지하철 6호선 월드컵경기장역 하차 → 1번 출구로 나온 후 직진 → 큰길(도로)이 나오면 정면에 마포농수산물시장이 보이고 → 횡단보도를 건너시면→ 평화의공원 주차장→ 주차장을 지나면 평화의공원입니다. 공원녹지사업소는 마포농수산물시장을 따라 직진→ 시장건물이 끝나는 지점에 관리사업소(2층)가 있습니다 1번 출구로 나온 후 직진 → 큰길(도로)이 나오면 우측으로 풍력발전기가 있는 하늘공원이 보이며 →횡단보도를 건너(여기서부터 평화의공원) →평화의공원과 하늘공원 사이의 육교를 건너신 후 →하늘계단 또는 사면도로를 이용  버스(G 지선 B 간선 R 광역 Y 순환) 월드컵경기장남측 월드컵경기장(마포 농수산물시장) 자동차검사소에서 하차 G 7011 7013 7714 7715 마을버스 마포08 B 171 271 571 승용차 내부순환로 (성북 노원 상계 도봉) 성산을 빠져나온 후 → 경기장 방향으로 우회전 → 직진 → 경기장 남문 주차장에서 좌회전을 하면 평화의 공원 주차장 또는 사거리에서 좌회전하여 난지천공원 주차장 주차 강변북로(강남 송파방면) 월드컵경기장 표지판이 보이면 빠져나옵니다 → 오른쪽이 평화의 공원 왼쪽이 하늘공원입니다. → 사거리에서 좌회전을 하시면 평화의공원 주차장 직진하여 월드컵터널위로 유턴→ 난지천공원 주차장에 주차 자유로(일산방면) 가양대교에서 빠져나옵니다 → 첫번째 신호등에서 우회전→ 경기장 방향으로 직진 → 난지천공원 또는 평화의 공원 주차장에 주차 서부간선도로(구로 영등포 양천) 성산대교를 건너 → 1차선으로 오시다가 → 내부순환로 진입전 경기장 방향으로 진입→ 경기장 3거리에서 좌회전을 하신 후 → 경기장 남문 주차장에서 좌회전을 하여 평화의 공원 주차장에 주차 또는 사거리에서 좌회전하시면 난지천공원 주차장에 주차 가양대교를 건너 수색방면으로 직진(오른쪽이 노을공원)→ 첫번째 신호등에서 우회전→ 경기장 방향으로 직진 → 난지천공원 또는 평화의 공원 주차장에 주차 주차장 월드컵공원 주차장은 월드컵축구경기 대회기간 동안에는 무료로 운영하였고 2004년11월1일부터 주차장 이용시간에 따라 3급지 요금을 적용하고 있습니다. 주차장 운영시간은 09:00?22:00까지이며 그 이후 시간은 무료로 개방하고 있습니다.(주말/ 공휴일 동일요금 적용) 장애인 및 국가유공자 80% 할인 차량에 장애인 및 국가유공자 표지를 부착하고 복지카드국가유공자증서를 소지하고 본인이 탑승한 차량에 한함 경차 50% 할인 승용차요일제 참여 차량 30% 할인 기타 주차요금 할인율은 법률 및 조례에 따릅니다. 2이상의 주차요금 감면사유에 해당하는 때에는 그중 감면율이 높은 하나만 적용 주차장에 관한 자세한 내용은 주차장사무실(☎308-7441) 또는 서부공원녹지사업소 공원운영과(☎300-5525)로 문의하시기 바랍니다. 주차가능 수 : 1848면 주차장 면적 : 72121㎡,일반사항 공원을 깨끗하게 이용합니다. 대중교통을 이용해 주세요. 기념물 시설물 풀과 나무를 보호합니다. 야생동물보호를 위해 음식물 반입을 금지합니다. 야영 취사행위 및 불을 피우지 않습니다. 애완동물은 생태계 보전과 대중의 이용에 불편함이 없도록 출입을 자제하여 주시기 바랍니다. 음주/가무/소란행위를 하지 않습니다. 쓰레기는 되가져 가시기 바랍니다 ,마포구,서울특별시 마포구 하늘공원로 84(월드컵공원),126.87890700000001,37.571805
4,광화문시민열린마당,8948.1,조 경 시 설 : 육조상징벽 6개소 전통담장 4개소 열주 22조 화계6개소 편 익 시 설 : 화강석의자 35조 관 리 시 설 : 광장등 4본 정원등 23본 투사등 28본 열주내장등 22본 기 반 시 설 : 열린마당 3280㎡ 육조마당 920㎡ 휴게마당 1670㎡ 녹지대 3078㎡ 대형전용 주차장 : 9면 ,지하철 3호선 경복궁역 5번출구 5호선 광화문역 2번출구 버스(G 지선 B 간선 R 광역 Y 순환) 세종문화회관 하차 G 0015(용산방향) 1(종로) 1011 1711 7018 7022 7023 삼청마을버스(종로) B 150 162 200 401 402 406 R 9602 9710 5001 5500 9401 9402 9601 9702 9706 9713 Y 9602 9710 5001 5500 9401 9402 9601 9702 9706 9713 교보빌딩 하차 G 0015(남산방향) 0212 1011 1012 1020 1711 7012 7018 7020  R 9711 9712 주차장 광화문 시민열린마당에는 주차장이 없습니다. 대중교통을 이용하여 주시기 바랍니다.,일반사항 공원을 깨끗하게 이용합니다. 대중교통을 이용해 주세요. 기념물 시설물 풀과 나무를 보호합니다. 야생동물보호를 위해 음식물 반입을 금지합니다. 야영 취사행위 및 불을 피우지 않습니다. 애완동물은 생태계 보전과 대중의 이용에 불편함이 없도록 출입을 자제하여 주시기 바랍니다. 음주/가무/소란행위를 하지 않습니다. 쓰레기는 되가져 가시기 바랍니다. ,종로구,서울특별시 종로구 세종로 76-2,126.9780227,37.575044899999995
5,중마루근린공원,6456.0,기반시설 : 광장 200㎡ 산책 등산로 0.50㎞ 편익시설 : 광장  의자 휴지통 음수대 공원등 등 편익시설 : 파고라 연못 1개소(150㎡) 그늘시렁 등 휴양시설 : 정자,지하철 1호선 영등포역 (도보15분소요) 5호선 영등포시장역3번 출구 경원극장까지 도보15분 소요  버스(G 지선 B 간선 R 광역 Y 순환) 영등포시장 하차 G 5612 5620 5625 6211 6629 6638 6639 7612 5616 5627 6631 5714 6514 6636 B 262 363 641 650 640 162 361 360 570 605 608 642 261 [경기 좌석버스] 6 60 69 7 905 [경기 도시형버스] 11-1 82 83  승용차  주차장 공원 바로 옆 노상주차장 : 2시간까지 최소 30분 3000원 10분초과 시 1000원추가 축협 옆 영등포 2동 주택가 공동 주차장 : 2시간까지 최소 30분 3000원 10분초과 시 1000원추가 ,일반사항 공원을 깨끗하게 이용합니다. 대중교통을 이용해 주세요. 기념물 시설물 풀과 나무를 보호합니다. 야생동물보호를 위해 음식물 반입을 금지합니다. 야영 취사행위 및 불을 피우지 않습니다. 애완동물은 생태계 보전과 대중의 이용에 불편함이 없도록 출입을 자제하여 주시기 바랍니다. 음주/가무/소란행위를 하지 않습니다. 쓰레기는 되가져 가시기 바랍니다. ,영등포구,서울특별시 영등포구 영등포동2가 222,126.9112668,37.519832
6,응봉공원,80309.0,조경시설 : 파고라 외 222소 운동시설 : 잔디광장 테니스장 2면 게이트볼장 배드민턴장 6면 다목적경기장 등 편익시설 : 음수대 화장실 2동 등 기타시설 : 관리동 등 ,지하철 5호선 신금호역 2번 출구 금호여중 방향 200M (도보 3분 거리) 버스(G 지선 B 간선 R 광역 Y 순환) 대경상고 신금호역 금호로터리 하차 G 0212 2224 마을버스 성동05 성동02 성동03 ,일반사항 공원을 깨끗하게 이용합니다. 대중교통을 이용해 주세요. 기념물 시설물 풀과 나무를 보호합니다. 야생동물보호를 위해 음식물 반입을 금지합니다. 야영 취사행위 및 불을 피우지 않습니다. 애완동물은 생태계 보전과 대중의 이용에 불편함이 없도록 출입을 자제하여 주시기 바랍니다. 음주/가무/소란행위를 하지 않습니다. 쓰레기는 되가져 가시기 바랍니다. ,성동구,서울특별시 성동구 금호동1가 산1-72,127.0217653,37.5572281
7,매화근린공원,1980.4,상징조형물 팔각정자 사각파고라 음수전 ,지하철 9호선 증미역 버스(G 지선 B 간선 R 광역 Y 순환) 강서소방서 또는 E-mart 가양점 하차 G 6(강서) 8(강서) 6645 B 670 672 R 9602 ,일반사항 공원을 깨끗하게 이용합니다. 대중교통을 이용해 주세요. 기념물 시설물 풀과 나무를 보호합니다. 야생동물보호를 위해 음식물 반입을 금지합니다. 야영 취사행위 및 불을 피우지 않습니다. 애완동물은 생태계 보전과 대중의 이용에 불편함이 없도록 출입을 자제하여 주시기 바랍니다. 음주/가무/소란행위를 하지 않습니다. 쓰레기는 되가져 가시기 바랍니다. ,강서구,서울특별시 강서구 등촌동 630-14,126.86115,37.5575833
8,성수근린공원,5197.7,조경시설 : 그늘시렁 4개소 돌담 2개소(251.31M) 돌담 장식대 84개소 운동시설 : 농구장 176.6㎡ 배드민턴장 2면 편익시설 : 음수대 1개소 벤취 38개소 광장 706㎡ 관리시설 : 공원등 12본 (잔디등 6개소 투시등 2개소),지하철 2호선 성수역 4번 출구 중소기업은행 방향 300M (도보 5분 거리) 버스(G 지선 B 간선 R 광역 Y 순환) 뚝섬역 5번출구 하차 G 2224 ,일반사항 공원을 깨끗하게 이용합니다. 대중교통을 이용해 주세요. 기념물 시설물 풀과 나무를 보호합니다. 야생동물보호를 위해 음식물 반입을 금지합니다. 야영 취사행위 및 불을 피우지 않습니다. 애완동물은 생태계 보전과 대중의 이용에 불편함이 없도록 출입을 자제하여 주시기 바랍니다. 음주/가무/소란행위를 하지 않습니다. 쓰레기는 되가져 가시기 바랍니다.,성동구,서울특별시 성동구 성수2가 3동 302-25,127.05240230000001,37.5448144
9,샛마을근린공원,11467.0,농구대 2개소 체력단련시설 놀이터 다목적운동장 연못1개,지하철 5호선 명일역 4번출구 명일여고 명성교회 방향 500m (도보 5분거리) 버스(G 지선 B 간선 R 광역 Y 순환) 명일1동 사무소 하차 G 3212 승용차 샛마을공원에는 주차장이 없습니다. 대중교통을 이용해 주시기 바랍니다. ,일반사항 공원을 깨끗하게 이용합니다. 대중교통을 이용해 주세요. 기념물 시설물 풀과 나무를 보호합니다. 야생동물보호를 위해 음식물 반입을 금지합니다. 야영 취사행위 및 불을 피우지 않습니다. 애완동물은 생태계 보전과 대중의 이용에 불편함이 없도록 출입을 자제하여 주시기 바랍니다. 음주/가무/소란행위를 하지 않습니다. 쓰레기는 되가져 가시기 바랍니다. ,강동구,서울특별시 강동구 명일1동 288,127.1471618,37.5504807
10,여의도근린공원,229539.0,건축물 : 8동 - 관리사무실(7.9㎡) 편의점3동(각 29.7㎡) 화장실7동(각104.28㎡)팔각정(27.72㎡) 사모정(8.91㎡) 공원지구대(264㎡) 공원파출소     - 자전거 도로 : 2.4km(폭4~6m) 산책로 : 3.9km(폭 2m)     - 한강둔치 연결 지하보도 : 120m(높이 2.5m 폭 8m)     - 공원등 : 334개소     - 스프링클러 : 6.4km 155개소     - 광장 : 24735㎡(7482평)     - 자전거보관대 : 2개소(16대)     - 연못 : 3개소 4848㎡( 지당연못 3530㎡ 생태연못 730㎡ 잔디마당연못 588㎡) ,지하철  5호선 여의도역 3번 출구 국회의사당 방향으로 5분거리 5호선 여의나루역 1번 출구 국민일보 방향으로 5분거리 버스(G 지선 B 간선 R 광역 Y 순환) G 여의도공원 하차 5012 (서울지선) 전경련회관 여의도공원 여의도환승센터 하차가능 5615 (서울지선) 전경련회관 KBS 여의도환승센터 하차가능 5618 (서울지선) 전경련회관 여의나루역 하차가능 5713 (서울지선) 전경련회관 여의나루역 하차가능 6623 (서울지선) MBC 여의나루역 국회의사당 하차가능 6628 (서울지선) LG트윈타워 증권거래소 여의나루역 하차가능 6649 (서울지선) 여의도환승센터 여의도공원 전경련회관 하차가능 7611 (서울지선) 여의나루역 하차가능 7613 (서울지선) 순복음교회 국회의사당 증권거래소 MBC 하차가능 B 여의도공원 하차  160 (서울간선) 여의도환승센터 여의도공원 전경련회관 LG트윈타워 하차가능 162 (서울간선) 여의도환승센터 전경련회관 KBS 여의도역 하차가능 260 (서울간선) 여의도환승센터 전경련회관 LG트윈타워 하차가능 261 (서울간선) 여의도환승센터 여의도역 하차가능 262 (서울간선) 여의도환승센터 여의도역 여의도지하차도입구 하차가능 360 (서울간선) 여의도환승센터 여의도공원 전경련회관 LG트윈타워 하차가능 600 (서울간선) 여의도환승센터 여의도공원 전경련회관 LG트윈타워 하차가능 301 (경기좌석) 여의도환승센터 여의도역 여의도지하차도입구 하차가능 320 (경기좌석) 여의도환승센터 여의도역 여의도지하차도입구 하차가능 700 (경기좌석) 여의도환승센터 여의도공원 전경련회관 하차가능 871 (경기좌석) 여의도환승센터 여의도공원 전경련회관 하차가능 5609 (경기좌석) 여의도환승센터 하차가능 N16 (서울심야) 여의도환승센터 여의도공원 전경련회관 LG트윈타워 하차가능 R 여의도공원 하차 8600 (경기급행) 여의도환승센터 하차 8601 (경기급행) 여의도환승센터 하차 2500 (인천광역) 여의도환승센터 하차 7007-1 (경기광역) 국회의사당역 하차 M7613 (국토교통부의 광역급행버스) 여의나루역 국회의사당역 하차 M7625 (국토교통부의 광역급행버스) 여의도역 여의도공원(한강공원쪽정류소) 하차 Y 여의도공원 하차 영등포10 (구 61 순환버스) 여의도역 국회의사당역 여의나루역 하차  영등포11 (구 62 순환버스) 여의도역 MBC 한국거래소 구증권선물거래소 하차 승용차  공원내 주차장 시설은 없습니다. 대중교통을 이용하여 주시기 바랍니다. 부득이한 경우 주변 노상주차장 및 한강시민공원 주차장을 이용바랍니다. 주변노상주차장(영등포구 시설관리공단) ☎ 02-2650-1455 한강시민공원 주차장 ☎ 3436-8675,일반사항 공원을 깨끗하게 이용합니다. 대중교통을 이용해 주세요. 기념물 시설물 풀과 나무를 보호합니다. 야생동물보호를 위해 음식물 반입을 금지합니다. 야영 취사행위 및 불을 피우지 않습니다. 애완동물은 생태계 보전과 대중의 이용에 불편함이 없도록 출입을 자제하여 주시기 바랍니다. 음주/가무/소란행위를 하지 않습니다. 쓰레기는 되가져 가시기 바랍니다. ,영등포구,서울특별시 영등포구 여의공원로 68 (여의도동),126.922377,37.526129
11,간데메근린공원,15179.7,,지하철 2호선 신답역 태양 아파트 뒤편으로 10분 소요 5호선 답십리역 1번출구 신답사거리 약 800m(도보 8분거리) 간데메공원에는 주차장이 없습니다. 대중교통을 이용하여 주시기 바랍니다. 버스(G 지선 B 간선 R 광역 Y 순환) 한성실업 앞 하차 G 2221 2233 2112  B 262 720 답십리3동사무소 앞 하차 R 1(적색)(동대문),일반사항 공원을 깨끗하게 이용합니다. 대중교통을 이용해 주세요. 기념물 시설물 풀과 나무를 보호합니다. 야생동물보호를 위해 음식물 반입을 금지합니다. 야영 취사행위 및 불을 피우지 않습니다. 애완동물은 생태계 보전과 대중의 이용에 불편함이 없도록 출입을 자제하여 주시기 바랍니다. 음주/가무/소란행위를 하지 않습니다. 쓰레기는 되가져 가시기 바랍니다. ,동대문구,서울특별시 동대문구 서울시립대로2길 59(간데메공원),127.04886440000001,37.57324379999999
12,훈련원근린공원,16734.6,편익시설 : 관리실(29.30㎡) 화장실(33.62㎡) 벤취 34 조경시설 : 수목 소나무외 26종 22771주 잔디 9039㎡ (2734평) 파고라 1 음수대 1계류천 벽천 안개분수 ,지하철 2호선 4호선 5호선 동대문운동장역 13번 출구 을지로 방향 300M 정도 버스(G 지선 B 간선 R 광역 Y 순환) 방산시장 하차 G 1011 1013 2014 B 101 103 104 106 R 9403 9410 을지로5가 하차 B 152 500 승용차 동대문운동장 → 국립의료원 → 훈련원 공원 주차장 주변 주차장(유료 기본 30분 1500원)을 이용바랍니다.,일반사항 공원을 깨끗하게 이용합니다. 대중교통을 이용해 주세요. 기념물 시설물 풀과 나무를 보호합니다. 야생동물보호를 위해 음식물 반입을 금지합니다. 야영 취사행위 및 불을 피우지 않습니다. 애완동물은 생태계 보전과 대중의 이용에 불편함이 없도록 출입을 자제하여 주시기 바랍니다. 음주/가무/소란행위를 하지 않습니다. 쓰레기는 되가져 가시기 바랍니다. ,중구,서울특별시 중구 을지로 227,127.0038188,37.5675245
13,영등포근린공원,61544.0,관리시설 : 관리사무소 공원등 안내판 조경시설 : 음악분수 파고라 연못 개울 벽천 잔디밭 운동시설 : 농구장 배드민턴장 풋살경기장 편익시설 : 주차장 공중전화 음수전 화장실 의자 휴양시설 : 야외정자,지하철 1호선 영등포역 1번출구 역사후문 (롯데백화점 뒤편)으로 나와서 소화물 센터 쪽으로(도보 4분 소요) 5호선 신길역 3번 출구(도보 3분 소요) 버스(G 지선 B 간선 R 광역 Y 순환) 영등포역 하차 G5616 5620 5627 5713 B570 영등포공원 하차 G16-4(영등포) 16-6(영등포) 5012 5614 5615 5616 5618 5625 5627 5714 6512 6513 6514 6628 6629 6630 6631 6637 6638 6639 7612 B160 162 260 261 262 360 361 503 570 600 605 R9707 9408 9412 5601 [경기 도시형버스] 11-1 [경기 직행좌석버스] 300 301 5601 [경기 좌석버스] 82 83 87 87-1 301 320 승용차 영등포 로타리에서 시흥IC 타고 신길 굴다리 지나면 바로 우측 문의 전화 2670-3774 주차장 10분당 300원 이하 월정기권(주간 10만원 야간 4만원),일반사항 공원을 깨끗하게 이용합니다. 대중교통을 이용해 주세요. 기념물 시설물 풀과 나무를 보호합니다. 야생동물보호를 위해 음식물 반입을 금지합니다. 야영 취사행위 및 불을 피우지 않습니다. 애완동물은 생태계 보전과 대중의 이용에 불편함이 없도록 출입을 자제하여 주시기 바랍니다. 음주/가무/소란행위를 하지 않습니다. 쓰레기는 되가져 가시기 바랍니다. ,영등포구,서울특별시 영등포구 신길로 275,126.91066200000002,37.515423
14,보라매근린공원,424106.0,조경시설 : 잔디마당 수경시설(연못 벽천 등) 철쭉동산 무궁화동산 등 운동시설 : 조깅트랙 인조잔디축구장 테니스장 다목적운동장 베드민턴장 인공암벽등반장 게이트볼장 지압보도 헬스시설(평행봉 등 28종) 편익시설 : 주차장 매점 음수대 팔각정 화장실 벤치 유희시설 : 어린이놀이터  피크닉장 바닥분수 에어파크 교양시설 : 청소년수련관 시민안전체험관 동작구민회관 보안시설 : 시설물관리 감시용 CCTV 38대 24시간 녹화가동 중 기타시설 : 관악노인종합복지관 서울시지적장애인복지관 서울시남부장애인복지관 동작경찰서 지구대파견소 ※ 신림 경전철 공사로 인해 농구장 X-game장 인라인스케이트장은 폐쇄 ,지하철 7호선 보라매역 2번 출구 보라매공원 방향으로430미터 도보로 10분 2호선 신대방역 4번 출구 문창초등학교 방향으로 285미터 도보로 8분  버스(G 지선 B 간선 R 광역 Y 순환) 보라매공원 동문입구  * 보라매병원 하차 G 5516 6513 6514 6515 6516 B 152 153 461 504 * 롯데관악점 하차 G 5516 5522B호암 5524 5525 5535 6511 6516 B 153 보라매공원 정문입구 : 보라매공원 하차 G 5531 5536 5623 5633 B 150 505 보라매공원 정문초소입구  Y 동작05(대방역~신대방역 05:45~23:50배차간격 10분) Y 동작05-1(대방역~신대방역. 05:50~23:50. 배차간격 15분)  승용차 보라매공원 정문주차장 . 대방로 대방역 지하차도를 지나 대림동방향 보라매공원 정문으로 오셔서 유료주차장 이용  . 시흥대로에서 대방로 진입 후 보라매공원 정문으로 오셔서 유료주차장 이용 보라매공원 동문주차장 . 신대방 지하철역 지나 당곡사거리 방향으로 오시다가 보라매병원 정문 지나서 보라매공원 동문 유료주차장 이용 . 시흥대로에서 당곡사거리 방향으로 오시다가 보라매병원 정문 지나서 보라매공원 동문 유료주차장 이용  주차장 보라매주차장 주차요금안내 보라매공원 정문주차장 . 주차면수 : 86면 . 이용시간 : 09:00~ 22:00 . 이 용 료 : 소형 5분당 100원 / 대형 5분당 300원 보라매공원 동문주차장 . 주차면수 : 42면 . 이용시간 : 09:00~22:00 . 이 용 료 : 5분당 100원 ,일반사항 공원을 깨끗하게 이용합니다. 대중교통을 이용해 주세요. 기념물 시설물 풀과 나무를 보호합니다. 야생동물보호를 위해 음식물 반입을 금지합니다. 야영 취사행위 및 불을 피우지 않습니다. 애완동물은 생태계 보전과 대중의 이용에 불편함이 없도록 출입을 자제하여 주시기 바랍니다. 음주/가무/소란행위를 하지 않습니다. 쓰레기는 되가져 가시기 바랍니다. ,동작구,서울특별시 동작구 여의대방로20길 33(보라매공원),126.91828899999999,37.492333
15,어린이대공원,560552.0,교양시설：41개소(야외음악당 등) 조경시설：14개소(분수대 등) 유희시설：45종(놀이동산 등)   편의시설：110개소(식당 등) 동 물 원：105종 621마리 식 물 원：373종 5977 본 ,지하철 정문 2호선 건대입구 역 버스이용 5분거리 또는 환승 : 7호선 7호선 어린이대공원역 1번 출구(도보 1분) 후문 5호선 아차산역 4번출구(도보 3분)  버스(G 지선 B 간선 R 광역 Y 순환) 정문 G 2222 3216 3220 4212 B 102 302 721 후문 G 2221 3215 B 130 320 R 9301 9403 구의문 G 2221 2225 3215 B 303 320 R 9403 승용차 은평등 서북부지역 내부순환로 → 강변북로 → 자양사거리직진 → 어린이대공원구의문 내부순환로 → 마장램프 → 천호대로 → 어린이대공원 후문 성북강북노원도봉지역 동부간선도로 → 천호대로 → 아차산역 → 어린이대공원후문 종로중구서대문등 도심지역 천호대로 → 군자사거리 → 아차산역 → 어린이대공원후문 영등포동작관악등 남서부지역 88대로 → 영동대교 → 화양고가밑우회전 → 능동사거리좌회전 → 어린이대공원정문 서초강남 등 강남지역 성수대교 건너 우회전하고 계속직진 → 능동사거리에서좌회전 → 어린이대공원정문 일산파주김포남부지역 외곽순환로 → 올림픽대로 → 천호대교 → 아차산역삼거리P턴 → 어린이대공원후문 인천방향 경인고속도로 → 88대로 → 영동대교 직진 → 성수사거리 직진 → 화양리사거리우회전 → 어린이대공원정문 분당방향 청담대로 → 청담대교 직진 → 건국대학교에서 직진 → 어린이대공원정문 주차장 주차가능 수 : 정문 153대 / 후문 252대 / 구의문 315대 운영시간 09:00~22:00 이용요금 (10분당 : 승용차 300원 중형차 600원 대형차 900원 ) * 경차 : 50% 할인 * 장애인차 : 80% 할인 * 요일제 : 30% 할인 ※ 토일요일공휴일은 주차장이 복잡하오니 대중교통을 이용해주시기 바라며 차량을 이용할경우에는 정문주차장이 가장먼저 만차가 되므로 후문과 구의문 주차장을 이용하시면 편안히 이용하실수 있습니다. (문의 : 정문주차장: 02)3436-2911 / 후문주차장: 02)3437-2901 / 구의문주차장: 02)3437-2904) ,일반사항 차량 오토바이 자전거 퀵보드 인라인 스케이트 등은 출입을 금지합니다. (사전 승인을 받은 관리차량 제외) 애완동물은 수용동물 안전 및 전염병 예방을 위해 들어갈 수 없습니다. 동물들에게 음식을 주지 마세요. 공원내 주류 및 취사 도구의 반입을 금지합니다. 공원에서는 행상 또는 노점에 의한 상행위 노숙을 할 수 없습니다. 공원시설 나무 꽃 등을 훼손하거나 열매를 채취하지 마세요. (위반시 과태료 부과) 시설 이용시 안전이 최우선! 무리한 이용 및 위험한 행동을 하지 마세요. 행사 등 시설 예약은 서울어린이대공원으로 신청하세요. 쓰레기는 반드시 지정된 장소에 버려주시기 바랍니다. ,광진구,서울특별시 광진구 능동로 216(어린이대공원),127.0809212,37.5498987
16,천호근린공원,26696.8,기반시설 : 광장 1300㎡ 조경시설 : 연못 1개소 888㎡(음악분수 108) 운동시설 : 배드민턴코트 4면 600㎡(182평) 농구대 4조 족구장 442㎡(134평) 체력단련시설 32조 체력단련시설 상세 : 허리돌리기 4 철봉 3 옆파도타기 3 공중걷기 2 오금펴기 1 레그익스텐션 1 윗몸일으키기 1 로프당기기 2 팔내리기운동 1 벤치프레스 4 체스트웨이트 1 렛풀다운 1 팩덱머신 1 노젓기운동 1 양다리운동 2 상체근육풀기 2 다리운동 1 양회전운동 1 등?허리지압기 1 온몸역도올리기 3 버터플라이 1 교양시설 : 야외무대 1개소 213㎡ 도서관 473㎡ 편의시설 : 벤치(등받이) 64 벤치 40 팔각정자 1개소 평상 17 원형테이블 2 피크닉테이블 27 음수대 2 관리시설 : 공원등 58본 감시카메라 5본 서치라이트 2조 스피커 34개 음악분수제어실 1 ,지하철 5호선 천호역 3번 출구로 나와서 암사동 방향으로 10분거리  버스(G 지선 B 간선 R 광역 Y 순환) 천호동공원 하차 G 3318 3321 3411 B 340  승용차 천호사거리에서 암사역 방향으로 600미터  주차장 주차가능 수 : 10 대 주차장 면적 : 246㎡ ,일반사항 공원을 깨끗하게 이용합니다. 대중교통을 이용해 주세요. 기념물 시설물 풀과 나무를 보호합니다. 야생동물보호를 위해 음식물 반입을 금지합니다. 야영 취사행위 및 불을 피우지 않습니다. 애완동물은 생태계 보전과 대중의 이용에 불편함이 없도록 출입을 자제하여 주시기 바랍니다. 음주/가무/소란행위를 하지 않습니다. 쓰레기는 되가져 가시기 바랍니다. ,강동구,서울특별시 강동구 올림픽로 702(천호공원),127.1263451,37.5444741
17,용산가족공원,75900.0,조경시설 : 잔디광장 연못 4개소(6740㎡) 정자3 원두막2 자연학습장 맨발공원 태극기공원 운동시설 : 철봉 평행봉 역기 윗몸일으키기 등배치기 등 13점 편익시설 : 주차장(50대) 음수대 공중전화 화장실 벤치 자동판매기 교양시설 : 국제조각품 9점 기타시설 : 야외예식장 빗물펌프장 공원가로등(59본 118등),지하철 4호선 2번출구 이용 1호선 이촌역 서빙고역 이용 버스(G 지선 B 간선 R 광역 Y 순환) 용산가족공원 하차 G 0211 R 9502 승용차 서빙고로를 통하여 용산가족공원으로 오시면 입구에 승용차 50대를 주차할 수 있는 주차장이 있습니다. 승용차 전용 주차장으로 버스나 화물차 등은 주차하실 수 없습니다. 용산가족공원은 가족나들이 향우회 유치원 초.중.고등학생들의 소풍 백일장 공연 등의 행사로 많은 시민들이 이용하여 주차장이 만차되어 혼잡하오니 대중교통을 권장하여 드립니다. 주차장 주차가능 수 : 50대 5분당 150원 장애인차량 국가유공자 : 최초 1시간 무료 및 80%할인,일반사항 공원을 깨끗하게 이용합니다. 대중교통을 이용해 주세요. 기념물 시설물 풀과 나무를 보호합니다. 야생동물보호를 위해 음식물 반입을 금지합니다. 야영 취사행위 및 불을 피우지 않습니다. 애완동물은 생태계 보전과 대중의 이용에 불편함이 없도록 출입을 자제하여 주시기 바랍니다. 음주/가무/소란행위를 하지 않습니다. 쓰레기는 되가져 가시기 바랍니다. ,용산구,서울특별시 용산구 서빙고로 185,126.98333500000001,37.522226
18,독립근린공원,113021.7,방문자센터(관리사무소 위치) 순국선열추념탑 서재필선생동상 독립관(순국선열 위패봉안소) 3?1독립선언기념탑 독립문 형무소 역사관 이진아기념도서관 ,지하철 3호선 독립문역에서 내려 4번 5번출구를 이용  버스(G 지선 B 간선 R 광역 Y 순환) 독립문역한성과학고 하차 G 7(서대문) 7019 7021 7023 7712(신촌방향) B 471 701 703 704 720 R 9701 9703 9705 9709 9712  승용차 : 독립공원 교차로에서 서대문구의회 및 한성과학고등학교 방향으로 진입하여              좌측 방향으로 주차장진입로 위치  주차장 주차장 개방시간 : 24시간 상시개방 주차요금 : 09시 ~ 22시 요금부과(기타시간대 무료개방)            - 대형 10분당 630원(10시~14시 10분당 900원)            - 소형 10분당 300원            - 할인적용 : 서울시 주차장 설치 및 관리조례 제6조 제1항 별표1에 의거 적용주차가능 수 : 36대(대형 33대 소형3대) 주차장 면적 : 4637㎡         * 주차장이 협소하여 혼잡하오니 대중교통을 이용하시기 바랍니다. ,서대문독립공원 개방시간 : 24시간 연중무휴 관람시 유의사항 화단과 관람지역 외의 출입을 제한합니다.(잔디휴식년제를 적용하고 있으므로 잔디출입을 삼가해주세요) 식물 씨앗 및 과실 등의 채취 및 반출을 제한합니다. 공원내에서는 취사행위를 할 수 없습니다.(가스버너등 화기를 이용한 조리행위 금지) 간단한 도시락은 가져올 수 있으나 단체배식후 잔반 및 쓰레기는 반드시 회수하여 가져가시기 바랍니다. 공원내 전 지역은 금연 구역입니다. 공원내에서는 대형 에드벌룬 무인조종항공기(드론 포함)를 설치 조작할수 없습니다. (http://www.cdc.mil.kr/popup/aoc/index.html) 비행금지 구역으로 경찰조사를 받으실 수 있으니 유의하시기 바랍니다. 애완견은 목줄착용 및 배변봉투를 지참하시기 바랍니다. 공원 주변 아파트가 인접하여 고성방가를 할 수 없습니다. (단체로 노래 및 박수를 치는 행위 종교행사 엠프 악기연주 확성기를 이용한 행위 금지) 공원내 차량/오토바이 진입을 통제하고 있습니다. 개인이 가져오신 쓰레기는 반드시 되가져 가시고 귀가 시에는 주변을 정리정돈 해주시기 바랍니다 프로그램 예약신청은 인터넷으로만 가능  유모차 휠체어 대여시 방문자센터내 공원관리사무소로 방문하시면 가능합니다. 형무소 역사관은 서대문구 도시관리공단에서 관리하고 있으며 별도로 문의하시기 바랍니다. (홈페이지 : http://sscmc.or.kr  전화번호 : 363-9750),서대문구,서울특별시 서대문구 통일로251(독립공원),126.956771,37.5738289
19,낙산근린공원,201779.0,기반시설 : 관리도로 2920m 산책로 1010m 주차장 640㎡ 교양시설 : 역사탐방로 935m 비우당 27㎡ 홍덕이밭 50㎡ 건축시설 : 5동(전시및관리실 매점및화장실 비우당 육각정자 노인정) 운동시설 : 배드민턴장 12면 농구장 1면 편익시설 : 파고라 5종 의자 117개 음수대(6) 화장실2 광 장 : 5개소(중앙광장 놀이광장 전망광장 3개소) 기타시설 : 안내판 등 29개 ,지하철 4호선 혜화역 2번 출구 마로니에 공원기업은행 방향 (도보10분)  버스(G 지선 B 간선 R 광역 Y 순환) 혜화역 (마로니에공원) 정류장 하차. 마로니에 공원 기업은행 방향 (도보10분) G 1011 1012 1018 1019 2112 B 101 102 103 104 106 107 140 143 150 160 161 100 151 301 R 9101 9410 14호선 동대문역 5번 출구→마을버스 낙산종점 하차 G 종로03 6호선 창신역 3번 출구→마을버스 낙산종점 하차 G 종로03  주차장 주차가능 수 : 29대 ,일반사항 공원을 깨끗하게 이용합니다. 대중교통을 이용해 주세요. 기념물 시설물 풀과 나무를 보호합니다. 야생동물보호를 위해 음식물 반입을 금지합니다. 야영 취사행위 및 불을 피우지 않습니다. 애완동물은 생태계 보전과 대중의 이용에 불편함이 없도록 출입을 자제하여 주시기 바랍니다. 음주/가무/소란행위를 하지 않습니다. 쓰레기는 되가져 가시기 바랍니다. ,종로구,서울특별시 종로구 낙산길 41 (우) 03085,127.00758700000002,37.580477
20,양재시민의숲,258991.0,조경시설 : 잔디광장 파고라 그늘시렁 운동시설 : 배구장(족구장 겸용) 농구장 테니스장 등 편익시설 : 매점 야외 바비큐장 음수대 화장실 5개소 등 기        타 : 야외 예식장 윤봉길의사 기념관 윤봉길의사 동상 야외무대 백마부대 충혼탑                      대한항공 858편 위령탑 삼풍백화점 희생자 위령탑 등 ,지하철 2호선 강남역 6번출구 뉴욕제과방향으로 나와서 버스 이용 3호선 양재역 7번출구 성남방향으로 나와서 버스 이용 신분당선 시민의숲 공원 역(매헌역)1번5번 출구  버스(G 지선 B 간선 R 광역 Y 순환) G 4421 4422 4423 4424 5411 B 140 400 470 471 R 1550 9100 9200 9300 9400 9404 9405 9406 9408 9410 9411 9412 9503 9700 [경기 도시형버스] 11-3 11-6 901 1550 [경기 직행좌석버스] 1005-1 1005-5 1550-1 1560 3000 3000-1 3001 3003 3007 3030 5100 5100-1 9700 [경기 좌석버스] 1500-1 1500-3 5002 5500-1 5500-2 6800  승용차 승용차 이용시 매헌기념관 앞 또는 강남대로변의 시민의 숲 주차장을 유료로 이용할 수 있습니다.  매헌윤봉길기념관 주차장 주차가능 수 : 54 대 주차장 면적 : 1500㎡ 주차요금 : 매 10분마다 300원 ~ 450원 주차장 요금     1회 주차  월 정기권   매 5분당 주간 야간  150원 100000원 40000원   1일 주차요금은 10000원을 초과하지 않으며야간 주차장 무료 개방(21:00-09:00) 시민의숲 동축주차장과 관련없습니다.  ,일반사항 공원을 깨끗하게 이용합니다. 대중교통을 이용해 주세요. 기념물 시설물 풀과 나무를 보호합니다. 야생동물보호를 위해 음식물 반입을 금지합니다. 야영 취사행위 및 불을 피우지 않습니다. 애완동물은 생태계 보전과 대중의 이용에 불편함이 없도록 출입을 자제하여 주시기 바랍니다. 음주/가무/소란행위를 하지 않습니다. 쓰레기는 되가져 가시기 바랍니다. ,서초구,서울특별시 서초구 매헌로 99 (양재동),127.03504199999999,37.471225
21,관악산도시자연공원,10420819.08,낙성대 연주대 삼막사 관음사 관악산호수,지하철 2호선서울대입구역 3번 출구 연계버스 5511 5528 501 651 6511(만남의광장 출발) 24호선사당역 45번 출구(관음사 출발)  버스(G 지선 B 간선 R 광역 Y 순환) 연계버스 G 142 95 300 142  접근방법 제1등산로 : 사당역 4번출구에서 관음사까지 도보 제2~6등산로 : 서울대입구역 2번출구에서 서울대방향 버스 승차 후 서울대정문 버스정류장 하차 제7~8등산로 : 삼성산성지 정류장 하차(65145517버스)  주차장 주차가능 수 : 153 대 10분당 300원 1시간 1800원(09:00?18:00는 유료 18:00 이후 이용시간 관계없이 1000원 연중무휴) ,공원을 깨끗하게 이용합니다. 대중교통을 이용해 주세요. 기념물 시설물 풀과 나무를 보호합니다. 야생동물보호를 위해 음식물 반입을 금지합니다. 야영 취사행위 및 불을 피우지 않습니다. 애완동물은 생태계 보전과 대중의 이용에 불편함이 없도록 출입을 자제하여 주시기 바랍니다. 음주/가무/소란행위를 하지 않습니다. 쓰레기는 되가져 가시기 바랍니다.     코스설명   구 분   거 리   소요시간   경 로    제1등산로   4.5km   140분   관음사▶돼지바위▶연주대    제2등산로   3.8km   120분   제1광장▶아카시아동산▶제4야영장▶연주샘  ▶깔딱고개▶연주대    제3등산로   0.9km   15분   제4야영장▶삼거리▶무너미고개    제4등산로   1.9km   65분   제2광장▶철쭉동산▶삼막정▶삼거리▶깔딱고개    제5등산로   0.8km   25분   철쭉동산▶제2깔딱고개▶제4야영장    제6등산로   2.8km   70분   경로구역▶돌산▶용암천▶국기봉▶제1야영장    제7등산로   1.5km   55분   활터▶제3야영장▶제2야영장▶제1야영장    제8등산로   1.4km   50분   삼성산▶성지▶삼호약수▶송암약수▶제1야영장    제9등산로   1.2km   40분   삼거리약수터▶거북바위▶삼막사정상    ,관악구,서울특별시 관악구 관악로 1(관악산공원),126.96413000000001,37.445208
22,효창근린공원,171294.1,관리시설 : 관리사무소 공원등 안내판 편의시설 : 매점 공중전화 화장실 음수대 야외탁자 의자 시계탑 조경시설 : 자연학습장 연못 데크로드 운동시설 : 농구장 배드민턴장 게이트볼장 체력단련시설 유희시설 : 어린이놀이터 휴양시설 : 정자 파고라 교양(사적)시설 : 의열사 백범김구선생 묘역 삼의사묘역 임정요인묘역 백범기념관 이봉창의사 동상 반공투사 위령탑 원효대사상,지하철 6호선 효창공원역 하차 1 2번 출구(도보 10분 소요) 4호선 숙대입구역 하차 8 9번 출구(도보 20분 소요)  버스(G 지선 B 간선 R 광역 Y 순환) 효창공원 후문/ 숙대 후문 하차 G 0015 0016 마포17 효창운동장 입구 하차 G 0015 0016 마포17  승용차 공덕동로터리에서 삼각지 방향 효창공원역 사거리에서 좌회전→숙대방향으로 300m 직진 좌측에 위치 원효로 용산구청앞 사거리에서 좌회전(우회전) 공덕동로터리 방향→효창공원역 사거리에서 우회전 숙대방향으로 300m 직진 좌측에 위치  주차장 공원주차장이 없으니 효창운동장 주차장을 이용바랍니다. 이용시간 : 24시간개방 이용요금 : 10분당 300원 ,일반사항 공원을 깨끗하게 이용합니다. 대중교통을 이용해 주세요. 기념물 시설물 풀과 나무를 보호합니다. 야생동물보호를 위해 음식물 반입을 금지합니다. 야영 취사행위 및 불을 피우지 않습니다. 애완동물은 생태계 보전과 대중의 이용에 불편함이 없도록 출입을 자제하여 주시기 바랍니다. 음주/가무/소란행위를 하지 않습니다. 쓰레기는 되가져 가시기 바랍니다. ,용산구,서울특별시 용산구 효창원로 177-18,126.95993,37.545234
23,감로천생태공원(관악산),15000.0,연못 3개소 목재 데크 황토길 지압로 공원등(12),버스(G 지선 B 간선 R 광역 Y 순환) 독산4동 주민센터 앞에서 하차 → 정심초등학교 방면 10분 G 5620 5619 독산정훈단지 앞에서 하차 → 정심초등학교 방면 15분 B 505 마을버스 → 8번(금천문화체육센터 정문앞 하차)  문의전화 금천구청 공원녹지과 ☏2627-1653  주차장 주차가능 수 : 15대 주차장 면적 : 약 400㎡ ,일반사항 공원을 깨끗하게 이용합니다. 대중교통을 이용해 주세요. 기념물 시설물 풀과 나무를 보호합니다. 야생동물보호를 위해 음식물 반입을 금지합니다. 야영 취사행위 및 불을 피우지 않습니다. 애완동물은 생태계 보전과 대중의 이용에 불편함이 없도록 출입을 자제하여 주시기 바랍니다. 음주/가무/소란행위를 하지 않습니다. 쓰레기는 되가져 가시기 바랍니다. ,금천구,서울특별시 금천구 독산4동 371?375 373일대,126.9079509,37.469625
24,개운산근린공원,297926.0,공원이용지원센터 화장실 산책로(산마루길 목재데크산책로 오솔길 등) 자연학습장 지압보도 축구장 배드민턴장 족구장 정자 등,지하철 4호선 성신여대역(6번출구) 6호선 고려대역(2번출구)  버스(G 지선 B 간선 R 광역 Y 순환) G 성북20번 개운중학교 하차 B 103108109152 미아리고개 하차 ,일반사항 공원을 깨끗하게 이용합니다. 대중교통을 이용해 주세요. 기념물 시설물 풀과 나무를 보호합니다. 야생동물보호를 위해 음식물 반입을 금지합니다. 야영 취사행위 및 불을 피우지 않습니다. 애완동물은 생태계 보전과 대중의 이용에 불편함이 없도록 출입을 자제하여 주시기 바랍니다. 음주/가무/소란행위를 하지 않습니다. 쓰레기는 되가져 가시기 바랍니다. ,성북구,서울특별시 성북구 북악산로 949-73(돈암동 6-1),127.0252858,37.596583700000004
25,개웅산근린공원,411972.0,배드민턴장 철봉 허리돌리기 역기 등 운동기구,지하철 1호선 개봉역 하차 후 마을버스 구로03 ,일반사항 공원을 깨끗하게 이용합니다. 대중교통을 이용해 주세요. 기념물 시설물 풀과 나무를 보호합니다. 야생동물보호를 위해 음식물 반입을 금지합니다. 야영 취사행위 및 불을 피우지 않습니다. 애완동물은 생태계 보전과 대중의 이용에 불편함이 없도록 출입을 자제하여 주시기 바랍니다. 음주/가무/소란행위를 하지 않습니다. 쓰레기는 되가져 가시기 바랍니다 ,구로구,서울특별시 구로구 오류동 산13-1,126.84857340000002,37.4888943
26,경희궁,98470.0,자정전 흥화문 (서울특별시 유형문화재 제19호) 숭정전,지하철 5호선서대문역 4번출구 광화문역 7번출구 도보 5?10분  주차장 주차가능 수 : 146 대 주차장 면적 : 3171㎡ ,일반사항 공원을 깨끗하게 이용합니다. 대중교통을 이용해 주세요. 기념물 시설물 풀과 나무를 보호합니다. 야생동물보호를 위해 음식물 반입을 금지합니다. 야영 취사행위 및 불을 피우지 않습니다. 애완동물은 생태계 보전과 대중의 이용에 불편함이 없도록 출입을 자제하여 주시기 바랍니다. 음주/가무/소란행위를 하지 않습니다. 쓰레기는 되가져 가시기 바랍니다. ,종로구,서울특별시 종로구 새문안로 55(신문로2가 2-1),126.9685341,37.570772999999996
27,국립현충원,2038741.3,현충관 현충탑 충열대 충성분수대 호국분수탑 충혼승천상 휴게소,지하철 4호선 동작역 하차(24번출구) 도보 5분 9호선 동작(현충원)역 하차(8번 출구)  버스(G 지선 B 간선 R 광역 Y 순환) G 4511 5524 6411 R 8342 360 361 362 363 462 640 642 R 9408  승용차 경부 고속도로 : 반포IC지나서 올림픽도로 김포공항 방향 → 반포대교 지나 국립서울현충원 방향(약 3분) 중부고속도로 : 하남IC지나서 올림픽도로 김포공항 방향 → 반포대교 지나 국립서울현충원 방향(약3분) 해안 고속도로 : 서서울톨게이트 → 성산대교 방향 → 노들길 국립서울현충원 방향(약15분) 경인 고속도로 : 신월IC지나서 국회의사당 방향 → 노들길 수산시장. 국립서울현충원 방향(약10분) 강변북로(일산) : 동작대교 진입 남단에서 국립서울현충원 방향(약2분) 강변북로(천호 동부간선도로(의정부 상계동) : 성수대교 → 올림픽도로 김포공항 방면 국림서울현충원  주차장 100대 주차 가능 면적 : 2000㎡  문의처 국립서울현충원 02)815-0625 ,일반사항 공원을 깨끗하게 이용합니다. 대중교통을 이용해 주세요. 기념물 시설물 풀과 나무를 보호합니다. 야생동물보호를 위해 음식물 반입을 금지합니다. 야영 취사행위 및 불을 피우지 않습니다. 애완동물은 생태계 보전과 대중의 이용에 불편함이 없도록 출입을 자제하여 주시기 바랍니다. 음주/가무/소란행위를 하지 않습니다. 쓰레기는 되가져 가시기 바랍니다. ,동작구,서울특별시 동작구 사당2동 산41-2,126.97368490000001,37.4998621
28,계남근린공원,603715.2,장군정(정상) 1동 다목적구장(실내 배드민턴장) 생태연결통로(계남12공원 연결) 조류사육장 1개소 야외무대 약수터 3개소 각종운동시설(게이트볼장 족구장 등) 화장실 2개동 ,지하철 5호선 양천구청역 신정네거리역  버스(G 지선 B 간선 R 광역 Y 순환) 오목교 역 ? 금옥여고 앞 G 6640 오목교 역 ? 서부트럭터미널 G 5012 양천구청 ? 금옥여고 앞 G 662066236640  주차장 주차가능 수 : 40대 주차장 면적 : 480㎡ ,일반사항 공원을 깨끗하게 이용합니다. 대중교통을 이용해 주세요. 기념물 시설물 풀과 나무를 보호합니다. 야생동물보호를 위해 음식물 반입을 금지합니다. 야영 취사행위 및 불을 피우지 않습니다. 애완동물은 생태계 보전과 대중의 이용에 불편함이 없도록 출입을 자제하여 주시기 바랍니다. 음주/가무/소란행위를 하지 않습니다. 쓰레기는 되가져 가시기 바랍니다. ,양천구,서울특별시 양천구 신정동 산44-2일대,126.84796429999999,37.513835799999995
29,고척근린공원,108120.0,도서관 어린이놀이터 배드민턴장 테니스장 운동장 조깅트랙 구민체육센터 운동기구 농구장,지하철 1호선 개봉역 하차 도보로 20분  버스(G 지선 B 간선 R 광역 Y 순환) 개봉동방면 G 6613 5626  주차장 주차가능 수 : 32대 ,일반사항 공원을 깨끗하게 이용합니다. 대중교통을 이용해 주세요. 기념물 시설물 풀과 나무를 보호합니다. 야생동물보호를 위해 음식물 반입을 금지합니다. 야영 취사행위 및 불을 피우지 않습니다. 애완동물은 생태계 보전과 대중의 이용에 불편함이 없도록 출입을 자제하여 주시기 바랍니다. 음주/가무/소란행위를 하지 않습니다. 쓰레기는 되가져 가시기 바랍니다. ,구로구,서울특별시 구로구 고척로45길 39(고척공원),126.85214950000001,37.5042944
30,파리근린공원,29619.3,분수(벽천 무지개 분수 곡사분수 바닥분수) 자수화단 야외무대 모형 에펠탑 개선문 등 각종 운동시설(체력단련장) 관리사무소(화장실) 1개동 공원등80개 등 ,지하철 5호선 오목교역 23번 출구에서 10분  버스(G 지선 B 간선 R 광역 Y 순환) 3 5단지 하차 G 22-1 100-1 100-2 129-2  주차장 주차가능 수 : 50대 주차장 면적 : 600㎡ ,일반사항 공원을 깨끗하게 이용합니다. 대중교통을 이용해 주세요. 기념물 시설물 풀과 나무를 보호합니다. 야생동물보호를 위해 음식물 반입을 금지합니다. 야영 취사행위 및 불을 피우지 않습니다. 애완동물은 생태계 보전과 대중의 이용에 불편함이 없도록 출입을 자제하여 주시기 바랍니다. 음주/가무/소란행위를 하지 않습니다. 쓰레기는 되가져 가시기 바랍니다. ,양천구,서울특별시 양천구 목동동로 363 ,126.87639320000001,37.5349739
31,허준공원,29843.8,연못(5100㎡) 정자 어린이 놀이 시설 허준 동상 음악분수 ,버스(G 지선 B 간선 R 광역 Y 순환) 구암공원 하차(도보 5분) G 1002 6631 6643 6712 ,일반사항 공원을 깨끗하게 이용합니다. 대중교통을 이용해 주세요. 기념물 시설물 풀과 나무를 보호합니다. 야생동물보호를 위해 음식물 반입을 금지합니다. 야영 취사행위 및 불을 피우지 않습니다. 애완동물은 생태계 보전과 대중의 이용에 불편함이 없도록 출입을 자제하여 주시기 바랍니다. 음주/가무/소란행위를 하지 않습니다. 쓰레기는 되가져 가시기 바랍니다. ,강서구,서울특별시 강서구 허준로5길 42,126.8526745,37.5679874
32,궁동근린공원,126026.0,조경시설 : 파고라 3동 편의시설 : 실내체육관 1동 정자 2동 평의자 30조 관리시설 : 종합안내판 1조 초화류안내판 2개 기반시설 : 도로 산책로 등 ,지하철 2호선 신촌역 3번출구 → 마을버스 '서대문04'번 이용 구)연희시범아파트 하차 3호선 홍제역 3번출구 → 7738번 이용 구)연희아파트지구 하차 후 증가로육교 이용 경의선 가좌역 1번출구 → 도보로 15분(7728번 등 연희 104고지앞 하차)  버스(G 지선 B 간선 R 광역 Y 순환) 구)연희아파트지구 하차 증가로육교 이용 G 7612 7738 구)연희시범아파트 하차 G 마을버스 서대문04  주차장 주차장이 없으므로 대중교통을 이용하시기 바랍니다. 문의처 : 서대문구청 푸른도시과 (02-330-1395) ,,서대문구,서울특별시 서대문구 성산로7길 19-24(궁동공원) ,126.9229851,37.5690506
33,궁산근린공원,135002.7,소악루 양천고성지 양천향교 자연학습탐방로 사진촬영전망대 ,지하철  버스(G 지선 B 간선 R 광역 Y 순환) 가양1동사무소 하차(도보 5분) G 6631 6712 B 672 ,일반사항 공원을 깨끗하게 이용합니다. 대중교통을 이용해 주세요. 기념물 시설물 풀과 나무를 보호합니다. 야생동물보호를 위해 음식물 반입을 금지합니다. 야영 취사행위 및 불을 피우지 않습니다. 애완동물은 생태계 보전과 대중의 이용에 불편함이 없도록 출입을 자제하여 주시기 바랍니다. 음주/가무/소란행위를 하지 않습니다. 쓰레기는 되가져 가시기 바랍니다. ,강서구,서울특별시 강서구 가양동 산4-7,126.838952,37.5735645
34,까치산근린공원,384026.0,임당 정공 신도비 ,지하철 7호선 남성역 하차 2번출구에서 도보 20분 2호선 서울대입구역 하차 봉천고개 방향 마을버스7번 승차 후 종점하차 ,일반사항 공원을 깨끗하게 이용합니다. 대중교통을 이용해 주세요. 기념물 시설물 풀과 나무를 보호합니다. 야생동물보호를 위해 음식물 반입을 금지합니다. 야영 취사행위 및 불을 피우지 않습니다. 애완동물은 생태계 보전과 대중의 이용에 불편함이 없도록 출입을 자제하여 주시기 바랍니다. 음주/가무/소란행위를 하지 않습니다. 쓰레기는 되가져 가시기 바랍니다. ,동작구,서울특별시 동작구 사당동 산32,126.96407350000001,37.4845836
35,꿩고개근린공원,180000.0,게이트볼장 정자 지압로 약수터음수전 ,지하철 5호선 방화역 하차(도보 10분)  버스(G 지선 B 간선 R 광역 Y 순환) 방화역 하차 G 642 651 6629 6641 6712 672 ,일반사항 공원을 깨끗하게 이용합니다. 대중교통을 이용해 주세요. 기념물 시설물 풀과 나무를 보호합니다. 야생동물보호를 위해 음식물 반입을 금지합니다. 야영 취사행위 및 불을 피우지 않습니다. 애완동물은 생태계 보전과 대중의 이용에 불편함이 없도록 출입을 자제하여 주시기 바랍니다. 음주/가무/소란행위를 하지 않습니다. 쓰레기는 되가져 가시기 바랍니다. ,강서구,서울특별시 강서구 방화동 산110,126.8157075,37.5801585
36,노량진공원,416031.0,조깅트랙 다목적운동장 공군충혼탑 장애인운동시설 테니스장 산책로 ,지하철 1호선 9호선 노량진역(2번출구) 하차후 마을버스 1 8번 승차후 대방동현대아파트 하차 도보 10분  주차장 주차가능 수 : 20대 주차장 면적 : 800㎡  버스(G 지선 B 간선 R 광역 Y 순환) 대방동 현대아파트 하차 G 5531 5614 6411 B 150 363 504 605  문의처 동작구청 공원녹지과 02)820-1395 ,일반사항 공원을 깨끗하게 이용합니다. 대중교통을 이용해 주세요. 기념물 시설물 풀과 나무를 보호합니다. 야생동물보호를 위해 음식물 반입을 금지합니다. 야영 취사행위 및 불을 피우지 않습니다. 애완동물은 생태계 보전과 대중의 이용에 불편함이 없도록 출입을 자제하여 주시기 바랍니다. 음주/가무/소란행위를 하지 않습니다. 쓰레기는 되가져 가시기 바랍니다. ,동작구,서울특별시 동작구 여의대방로 15-45(여의대방로36길 71),126.928607,37.510234000000004
37,답십리근린공원,160720.0,휴게소 5개소 그늘시렁 6동 종합체육시설 배드민턴장 문화회관,버스(G 지선 B 간선 R 광역 Y 순환) 한양아파트입구 하차 도보 5분 G 139 마을버스 402 동대문체육관에서 하차 도보 10분 소요 G버스 2112번 전농동SK아파트에서 하차 도보 10분 소요 G2015번 2233번  주차장 답십리공원에는 주차장이 없습니다. 대중교통을 이용하여 주시기 바랍니다. ,일반사항 공원을 깨끗하게 이용합니다. 대중교통을 이용해 주세요. 기념물 시설물 풀과 나무를 보호합니다. 야생동물보호를 위해 음식물 반입을 금지합니다. 야영 취사행위 및 불을 피우지 않습니다. 애완동물은 생태계 보전과 대중의 이용에 불편함이 없도록 출입을 자제하여 주시기 바랍니다. 음주/가무/소란행위를 하지 않습니다. 쓰레기는 되가져 가시기 바랍니다. ,동대문구,서울특별시 동대문구 답십리로 209(답십리공원) ,127.0626512,37.5750896
38,대모산도시자연공원,2277252.0,화장실 1동 약수터 1개소 편익시설 44개 다목적 운동장 1개소 ,지하철 3호선 일원역 5번출구에서 도보 약10분 (권장)  버스(G 지선 B 간선 R 광역 Y 순환) 일원역 정거장 Y 16 G 3219 3413 4419 B 401 402 461 대모산입구 정거장 (일원동 상호아파트 정거장 맞은편) Y 16 G 4419 B 401 402 461  　  접근방법 주 코스 : 지하철 수서역 6번출구(수서역 하차) 41 141 4412버스(능인선원 하차) 제1코스 : 401 333 402 461 4419버스(일원동 한솔아파트 하차) 제2코스 : 401 333 4419(개포주공 7단지 앞 하차) 제3코스 : 143 402 461 3011(개포주공 3단지 앞 하차) 제4코스 : 143 472 3219 4432(개포중학교 하차) 제5코스 : 41 141 4412버스(도곡교회 하차)  주차장 주차가능 수 : 50 주차장 면적 : 2277252㎡ ,일반사항 공원을 깨끗하게 이용합니다. 대중교통을 이용해 주세요. 기념물 시설물 풀과 나무를 보호합니다. 야생동물보호를 위해 음식물 반입을 금지합니다. 야영 취사행위 및 불을 피우지 않습니다. 애완동물은 생태계 보전과 대중의 이용에 불편함이 없도록 출입을 자제하여 주시기 바랍니다. 음주/가무/소란행위를 하지 않습니다. 쓰레기는 되가져 가시기 바랍니다. 주 등산로와 정류장(지하철버스) 연계현황 주 등산코스와 대중교통은 비교적 잘 연계되어 있으며 대중교통 하차 후 등산로에 접근할 수 있도록 하는 안내판 설치가 필요하여 현장조사 후 11월 중 설치예정임(2014. 주민참여예산 활용) ,강남구,서울특별시 강남구 광평로10길 30-71(대모산공원) ,127.0809639,37.4796489
39,탑골근린공원,19599.7,원각사지10층석탑 팔각정 3.1운동기념탑 손병희선생 동상 한용운선생 기념비 우물 편의시설 ,지하철 1호선 종로3가역 3호선 종로3가역  버스(G 지선 B 간선 R 광역 Y 순환),일반사항 공원을 깨끗하게 이용합니다. 대중교통을 이용해 주세요. 기념물 시설물 풀과 나무를 보호합니다. 야생동물보호를 위해 음식물 반입을 금지합니다. 야영 취사행위 및 불을 피우지 않습니다. 애완동물은 생태계 보전과 대중의 이용에 불편함이 없도록 출입을 자제하여 주시기 바랍니다. 음주/가무/소란행위를 하지 않습니다. 쓰레기는 되가져 가시기 바랍니다. ,종로구,서울특별시 종로구 종로 99,126.98828529999999,37.5710052
40,갈산근린공원,138596.0,갈산정(정상) 1동 교통교육관 및 전시물 교통안전교육 체험장 어린이놀이터 멀티코트장 등 중심광장 전망대 각종 운동시설 ,지하철 5호선 양천구청역  버스(G 지선 B 간선 R 광역 Y 순환) 갈산초등학교 앞에서 하차하여 3분 거리 G 6625 B 571  주차장 주차가능 수 : 16대 주차장 면적 : 192㎡ ,일반사항 공원을 깨끗하게 이용합니다. 대중교통을 이용해 주세요. 기념물 시설물 풀과 나무를 보호합니다. 야생동물보호를 위해 음식물 반입을 금지합니다. 야영 취사행위 및 불을 피우지 않습니다. 애완동물은 생태계 보전과 대중의 이용에 불편함이 없도록 출입을 자제하여 주시기 바랍니다. 음주/가무/소란행위를 하지 않습니다. 쓰레기는 되가져 가시기 바랍니다. ,양천구,서울특별시 양천구 신정동 162-56,126.8689146,37.5082119
41,천마근린공원,185295.0,어린이안전공원 축구장 배드민턴장 체력단련장 ,지하철  버스(G 지선 B 간선 R 광역 Y 순환) B 555-2 571 ,일반사항 공원을 깨끗하게 이용합니다. 대중교통을 이용해 주세요. 기념물 시설물 풀과 나무를 보호합니다. 야생동물보호를 위해 음식물 반입을 금지합니다. 야영 취사행위 및 불을 피우지 않습니다. 애완동물은 생태계 보전과 대중의 이용에 불편함이 없도록 출입을 자제하여 주시기 바랍니다. 음주/가무/소란행위를 하지 않습니다. 쓰레기는 되가져 가시기 바랍니다. ,송파구,서울특별시 송파구 마천동 산 1-1,127.1586644,37.5005173
42,도곡근린공원,254648.0,배드민턴장 약수터 화장실 정자 다목적 운동장 ,지하철 3호선 매봉역  버스(G 지선 B 간선 R 광역 Y 순환) B 11-3 78-1 83-1 540 ,일반사항 공원을 깨끗하게 이용합니다. 대중교통을 이용해 주세요. 기념물 시설물 풀과 나무를 보호합니다. 야생동물보호를 위해 음식물 반입을 금지합니다. 야영 취사행위 및 불을 피우지 않습니다. 애완동물은 생태계 보전과 대중의 이용에 불편함이 없도록 출입을 자제하여 주시기 바랍니다. 음주/가무/소란행위를 하지 않습니다. 쓰레기는 되가져 가시기 바랍니다. ,강남구,서울특별시 강남구 도곡동 산31-1,127.0450338,37.490312700000004
43,도산근린공원,29816.5,도산묘소 동상 도산기념관 화장실 그늘시렁 운동시설 ,지하철 3호선 압구정 4번 출구 도보 10분 7호선 강남구청역 하차 후 버스 이용  버스(G 지선 B 간선 R 광역 Y 순환) B 567 83 21 63-1 77-1 78-1 117 239-1 ,일반사항 공원을 깨끗하게 이용합니다. 대중교통을 이용해 주세요. 기념물 시설물 풀과 나무를 보호합니다. 야생동물보호를 위해 음식물 반입을 금지합니다. 야영 취사행위 및 불을 피우지 않습니다. 애완동물은 생태계 보전과 대중의 이용에 불편함이 없도록 출입을 자제하여 주시기 바랍니다. 음주/가무/소란행위를 하지 않습니다. 쓰레기는 되가져 가시기 바랍니다. ,강남구,서울특별시 강남구 도산대로45길 20(도산공원),127.03502959999999,37.524675200000004
44,청량공원,762642.0,어른신건강마당 진입광장 휴식광장 입구연못 파고라 조경수원 목교 전망테크 산림종합전시관 야외학습장 도서관 공연장 건강마당 ,정보도서관 입구(G 지선 B 간선 R 광역 Y 순환) 지하철 6호선 4번 출구 도보 약 7분 B 120148163석계역 방면 월곡중학교 앞 월곡방면 상월곡역 하차 G 1113 상월곡역 하차 자가용 ? 월곡방향 : 화랑로 상월곡역에서 좌회전(보행신호시)→월곡2동 주민자치센터 사이길(도서관길) 진입 50m ? 석계방향 : 화랑로 상월곡역에서 우회전→월곡2동 주민자치센터 사이길(도서관길) 진입 50m → 놀이터에서 우회전후 200m  의릉 입구(이문삼거리)(G 지선 B 간선 R 광역 Y 순환) 지하철 1호선 신이문역 1구에서 도보로 약 15분 지하철 6호선 4번 출구 도보 약 7분 G 1217번 1222번 B 147번 261번 120번 ,일반사항 공원을 깨끗하게 이용합니다. 대중교통을 이용해 주세요. 기념물 시설물 풀과 나무를 보호합니다. 야생동물보호를 위해 음식물 반입을 금지합니다. 야영 취사행위 및 불을 피우지 않습니다. 애완동물은 생태계 보전과 대중의 이용에 불편함이 없도록 출입을 자제하여 주시기 바랍니다. 음주/가무/소란행위를 하지 않습니다. 쓰레기는 되가져 가시기 바랍니다. ,성북구,서울특별시 성북구 화랑로18가길 50,127.0511145,37.6020055
45,초안산근린공원,664905.0,잔디광장 계류 생태연못 녹지대 음수대 생활체육시설 산책로 등 ,지하철 1호선 녹천역 → 도보이용 1번출구 초안산근린공원 방면 548m걷기  버스(G 지선 B 간선 R 광역 Y 순환) G 1138 창동주공3단지 하차 G 1120 1127 1157 도봉01 창동청구빌라 하차  승용차 시청 → 세종로사거리 우측 → 종로5가 이화사거리 → 혜화동사거리 → 미아사거리 → 정의여중 → 창원초교 → 초안산근린공원 입구  주차장 주차가능 수 : 40 대 주차장이용시간 : 24시간 운영 (09:00-24:00는 유료 연중무휴) ※ 주차요금 정기권은 할인이 되지 않습니다. ,일반사항 공원을 깨끗하게 이용합니다. 대중교통을 이용해 주세요. 기념물 시설물 풀과 나무를 보호합니다. 야생동물보호를 위해 음식물 반입을 금지합니다. 야영 취사행위 및 불을 피우지 않습니다. 애완동물은 생태계 보전과 대중의 이용에 불편함이 없도록 출입을 자제하여 주시기 바랍니다. 음주/가무/소란행위를 하지 않습니다. 쓰레기는 되가져 가시기 바랍니다. ,도봉구,서울특별시 도봉구 창동 산157,127.0455446,37.648315999999994
46,동명근린공원,99599.9,축구장 족구장 배구장 배드민턴장 농구장 ,지하철 5호선 상일역 하차  버스(G 지선 B 간선 R 광역 Y 순환) G 3412 3411 B 340342 ,일반사항 공원을 깨끗하게 이용합니다. 대중교통을 이용해 주세요. 기념물 시설물 풀과 나무를 보호합니다. 야생동물보호를 위해 음식물 반입을 금지합니다. 야영 취사행위 및 불을 피우지 않습니다. 애완동물은 생태계 보전과 대중의 이용에 불편함이 없도록 출입을 자제하여 주시기 바랍니다. 음주/가무/소란행위를 하지 않습니다. 쓰레기는 되가져 가시기 바랍니다. ,강동구,서울특별시 강동구 고덕2동 229,127.1676703,37.5598341
47,마로니에공원,5802.0,야외무대 분수대 조합놀이대 ,지하철 4호선 혜화역 2번출구 도보2분 ,일반사항 공원을 깨끗하게 이용합니다. 대중교통을 이용해 주세요. 기념물 시설물 풀과 나무를 보호합니다. 야생동물보호를 위해 음식물 반입을 금지합니다. 야영 취사행위 및 불을 피우지 않습니다. 애완동물은 생태계 보전과 대중의 이용에 불편함이 없도록 출입을 자제하여 주시기 바랍니다. 음주/가무/소란행위를 하지 않습니다. 쓰레기는 되가져 가시기 바랍니다. ,종로구,서울특별시 종로구 대학로8길 1,127.00278859999999,37.5802295
48,자매근린공원,16500.0,앙카라하우스 조형물 파고라4개소 배드민턴장 게이트볼장 화장실 관리실 ,지하철 1호선 대방역 도보 8분거리 5호선 여의도역 도보 10분거리  버스(G 지선 B 간선 R 광역 Y 순환) 보훈병원 뒤편 일자산입구역에서 하차 B 7007-1 7007 30 631 1008 72-1 53 54 72 120 124 823-1 48 70 823 ,일반사항 공원을 깨끗하게 이용합니다. 대중교통을 이용해 주세요. 기념물 시설물 풀과 나무를 보호합니다. 야생동물보호를 위해 음식물 반입을 금지합니다. 야영 취사행위 및 불을 피우지 않습니다. 애완동물은 생태계 보전과 대중의 이용에 불편함이 없도록 출입을 자제하여 주시기 바랍니다. 음주/가무/소란행위를 하지 않습니다. 쓰레기는 되가져 가시기 바랍니다. ,영등포구,서울특별시 영등포구 의사당대로 166 (우) 07324,126.9302895,37.5177329
49,장지근린공원,585652.0,휴게광장 체력단련장 배드민턴장 ,지하철 5호선 거여역 또는 개롱역  버스(G 지선 B 간선 R 광역 Y 순환) B 821 ,일반사항 공원을 깨끗하게 이용합니다. 대중교통을 이용해 주세요. 기념물 시설물 풀과 나무를 보호합니다. 야생동물보호를 위해 음식물 반입을 금지합니다. 야영 취사행위 및 불을 피우지 않습니다. 애완동물은 생태계 보전과 대중의 이용에 불편함이 없도록 출입을 자제하여 주시기 바랍니다. 음주/가무/소란행위를 하지 않습니다. 쓰레기는 되가져 가시기 바랍니다. ,송파구,서울특별시 송파구 장지동 산 11번지,127.1387,37.4957083
50,명일근린공원,649709.6,생태연못 초가정자 바닥분수 계류 벽천 어린이놀이터 돌무더기 ,지하철 5호선 상일역하차(4번출구) 도보 10분 5호선 고덕역하차(3번출구) 도보 10분  버스(G 지선 B 간선 R 광역 Y 순환) G 3412 3411 B 340342 ,일반사항 공원을 깨끗하게 이용합니다. 대중교통을 이용해 주세요. 기념물 시설물 풀과 나무를 보호합니다. 야생동물보호를 위해 음식물 반입을 금지합니다. 야영 취사행위 및 불을 피우지 않습니다. 애완동물은 생태계 보전과 대중의 이용에 불편함이 없도록 출입을 자제하여 주시기 바랍니다. 음주/가무/소란행위를 하지 않습니다. 쓰레기는 되가져 가시기 바랍니다. ,강동구,서울특별시 강동구 상일동 135,127.16136409999999,37.553714299999996
51,방화근린공원,72132.0,다목적운동장 체육시설 원형광장 연못 분수대 어린이놀이터 산책로 파고라 휴게소 ,지하철 5호선 방화역(도보 5분)  버스(G 지선 B 간선 R 광역 Y 순환) 방화역 하차 G 6629 6641 6712 B 642 651 672 ,일반사항 공원을 깨끗하게 이용합니다. 대중교통을 이용해 주세요. 기념물 시설물 풀과 나무를 보호합니다. 야생동물보호를 위해 음식물 반입을 금지합니다. 야영 취사행위 및 불을 피우지 않습니다. 애완동물은 생태계 보전과 대중의 이용에 불편함이 없도록 출입을 자제하여 주시기 바랍니다. 음주/가무/소란행위를 하지 않습니다. 쓰레기는 되가져 가시기 바랍니다. ,강서구,서울특별시 강서구 금낭화로 176(방화공원),126.8132285,37.5819812
52,아시아근린공원,66027.8,송파문화예술회관 야외공연장 부리도 기념비 시와 그림의 광장,지하철 2호선 종합운동장역 1번 출구  버스(G 지선 B 간선 R 광역 Y 순환) 33 33-1 141-1 300 555-2 569 R 21 63-1 64 933  문의처 송파구청 푸른도시과 02-2147-3380  주차장 주차가능 수 : 108대 ,일반사항 공원을 깨끗하게 이용합니다. 대중교통을 이용해 주세요. 기념물 시설물 풀과 나무를 보호합니다. 야생동물보호를 위해 음식물 반입을 금지합니다. 야영 취사행위 및 불을 피우지 않습니다. 애완동물은 생태계 보전과 대중의 이용에 불편함이 없도록 출입을 자제하여 주시기 바랍니다. 음주/가무/소란행위를 하지 않습니다. 쓰레기는 되가져 가시기 바랍니다. ,송파구,서울특별시 송파구 올림픽로 44 (잠실동),127.0762885,37.5102779
53,배봉산근린공원,265582.0,야외무대관리사무실 어린이놀이터 약수터 산책로 체육시설 자연학습장 ,버스(G 지선 B 간선 R 광역 Y 순환) 전농동SK아파트에서 하차 도보 5분 소요 G 2015 2233  승용차 전농동로터리에서 장안교 방향으로 약 200M  주차장 주차가능 수 : 20대 주차장 면적 : 1000㎡     접근방법(교통)  배봉산자락길 맨발로 걷는 황톳길  ? 배봉산연육교 입구 : 145번 휘경유수지견인차고지앞 하차  순환산책로           ? 관리사무실 입구 : 2015번 2230번 2233번 2311번                                   전농동SK아파트 하차          ? 배봉산연육교 입구 : 145번 휘경유수지견인차고지앞 하차 ,일반사항 공원을 깨끗하게 이용합니다. 대중교통을 이용해 주세요. 기념물 시설물 풀과 나무를 보호합니다. 야생동물보호를 위해 음식물 반입을 금지합니다. 야영 취사행위 및 불을 피우지 않습니다. 애완동물은 생태계 보전과 대중의 이용에 불편함이 없도록 출입을 자제하여 주시기 바랍니다. 음주/가무/소란행위를 하지 않습니다. 쓰레기는 되가져 가시기 바랍니다. 안내판 설치 필요여부 : 해당사항 없습니다. 배봉산연육교 주변 : 종합안내판 1개 구역안내판 3개 설치. 관리사무실 입구 : 종합안내판 1개 설치.  코스설명 배봉산 자락길 : 배봉산연육교 → 동성빌라 (0.73km) 약30분 소요 맨발로 걷는 황톳길 제1만남의 장소 → 제2만남의 광장(0.35km) 약15분 소요   순환산책로 배봉산연육교 → 동성빌라 → 관리사무실 → 서울시립대뒤편  → 제1만남의장소 → 배봉산연육교(2.7km) 약2시간 30분 소요   ,동대문구,서울특별시 동대문구 한천로43길 12-14(배봉산공원) ,127.06416229999999,37.5812324
54,안산도시자연공원,2088704.9,조경시설 : 팔각정자 야외탁자 조합놀이대 등 편의시설 : 화장실 약수터 등 관리시설 : 관리사무소 공원등 안내판 등 기반시설 : 만남의광장 산책로 등 연희숲속쉼터 : 10000㎡(연희동 산2-5 서대문청소년수련관 주변) 잔디마당 숲속쉼터허브원 습지 계류시설 홍제천 수변마당 안산자락길 : 1.69KM(옛 시민아파트 철거부지 ~ 한성과학고 뒤) 장애물이 없는 데크로드 ,지하철 2호선 신촌역 3번출구 → 마을버스 '서대문03'번 → 서대문구청 하차 3호선 홍제역 3번출구 → 버스 7713 7738 7739번 → 서대문구청 하차 서대문구청 옆길로 올라가면 안산 주요 등산로 입구 나옴  버스(G 지선 B 간선 R 광역 Y 순환) 서대문구청 하차 G 7017 7713 7720 7738 8153(맞춤버스) 마을버스 서대문03 B 110B 153 567  주차장 주차장이 없으므로 대중교통을 이용하시기 바랍니다. 문의처 : 서대문구청 푸른도시과 (02-330-1395) ,일반사항 공원을 깨끗하게 이용합니다. 대중교통을 이용해 주세요. 기념물 시설물 풀과 나무를 보호합니다. 야생동물보호를 위해 음식물 반입을 금지합니다. 야영 취사행위 및 불을 피우지 않습니다. 애완동물은 생태계 보전과 대중의 이용에 불편함이 없도록 출입을 자제하여 주시기 바랍니다. 음주/가무/소란행위를 하지 않습니다. 쓰레기는 되가져 가시기 바랍니다. ,서대문구,서울특별시 서대문구 홍제동 산33-98,126.9390273,37.5798246
55,염창근린공원,112070.0,골프연습장 스포츠센타,지하철 가양동 이마트 하차(도보10분) 9호선 증미역  버스(G 지선 B 간선 R 광역 Y 순환) 가양동 이마트 하차(도보10분) G 6631 6712 가양동 이마트 하차(도보10분) B 660  문의처 강서구청 공원녹지과 02-2600-4186 ,일반사항 공원을 깨끗하게 이용합니다. 대중교통을 이용해 주세요. 기념물 시설물 풀과 나무를 보호합니다. 야생동물보호를 위해 음식물 반입을 금지합니다. 야영 취사행위 및 불을 피우지 않습니다. 애완동물은 생태계 보전과 대중의 이용에 불편함이 없도록 출입을 자제하여 주시기 바랍니다. 음주/가무/소란행위를 하지 않습니다. 쓰레기는 되가져 가시기 바랍니다. ,강서구,서울특별시 강서구 염창동 산24-1,126.8689817,37.55797020000001
56,백련근린공원,993724.0,조경시설 : 정자 파고라 조합놀이대 등  편의시설 : 청소년수련관 문화체육회관 화장실 음수대 등  관리시설 : 종합안내판 관리사무소 등  기반시설 : 도로 산책로 등   백련근린공원(논골지구) : 19500㎡(홍은2동 산11-216 서강아파트 뒤) 팔각정 초정 운동시설 계류 생태연못 허브원 장미원 실용원 약용원 등 ,지하철 2호선 신촌역 3번출구 → 마을버스 '서대문03'번 → 서대문등기소 하차후 → 서대문문화회관방면으로 도보 5분 3호선 홍제역 3번출구 → 마을버스 '서대문10번' 이용 백련사 하차 3호선 녹번역 4번출구 → 7019번 이용 시립은평병원 하차 3호선 홍제역 녹번역 하차 도보 10~15분  버스(G 지선 B 간선 R 광역 Y 순환) 서대문등기소 하차 G 마을버스 서대문03 백련사 하차 G 마을버스 서대문10 시립은평병원 하차 G 7019  주차장 주차가능 수 : 74대 주차장 면적 : 2775㎡ 문의처 : 서대문구청 푸른도시과 (02-330-1395)  문화체육회관 (02-360-8500) ,일반사항 공원을 깨끗하게 이용합니다. 대중교통을 이용해 주세요. 기념물 시설물 풀과 나무를 보호합니다. 야생동물보호를 위해 음식물 반입을 금지합니다. 야영 취사행위 및 불을 피우지 않습니다. 애완동물은 생태계 보전과 대중의 이용에 불편함이 없도록 출입을 자제하여 주시기 바랍니다. 음주/가무/소란행위를 하지 않습니다. 쓰레기는 되가져 가시기 바랍니다. ,서대문구,서울특별시 서대문구 통일로 507-22(백련공원) ,126.92861599999999,37.587966200000004
57,오금근린공원,219167.0,곰두리체육센터 송파도서관 테니스장 배드민턴장 게이트볼장 자연학습관찰로 삼림욕장 ,지하철 5호선 오금역 2번 출구에서 횡단보도 건너 오른쪽으로 100m 직진 5호선 5호선 개롱역 1번 출구에서 횡단보도 건너 송파우체국방향으로 100m 직진  버스(G 지선 B 간선 R 광역 Y 순환) 오금공원앞 가락레미안앞 하차 G 3215 3219 3313 3314 3315 3417 ,일반사항 공원을 깨끗하게 이용합니다. 대중교통을 이용해 주세요. 기념물 시설물 풀과 나무를 보호합니다. 야생동물보호를 위해 음식물 반입을 금지합니다. 야영 취사행위 및 불을 피우지 않습니다. 애완동물은 생태계 보전과 대중의 이용에 불편함이 없도록 출입을 자제하여 주시기 바랍니다. 음주/가무/소란행위를 하지 않습니다. 쓰레기는 되가져 가시기 바랍니다. ,송파구,서울특별시 송파구 오금로 363 오금근린공원 ,127.13239569999999,37.5038715
58,오동근린공원,1349556.4,배드민턴장 운동장 체력단련시설,지하철 4호선 수유역 : 2번출구 ⇒ 마을버스 9번 11번 이용 강북구민운동장에서 하차 오동공원 이용 주공아파트 508동 하차 오동공원 이용  버스(G 지선 B 간선 R 광역 Y 순환) B 150번 142번 140번 등 강북구청(수유역)에서 하차 ⇒ 수유역 2번출구 ⇒ 마을버스 9번 11번 이용  주차장 공원 옆 강북구민운동장 유료주차장 이용하시면 됩니다. ,일반사항 공원을 깨끗하게 이용합니다. 대중교통을 이용해 주세요. 기념물 시설물 풀과 나무를 보호합니다. 야생동물보호를 위해 음식물 반입을 금지합니다. 야영 취사행위 및 불을 피우지 않습니다. 애완동물은 생태계 보전과 대중의 이용에 불편함이 없도록 출입을 자제하여 주시기 바랍니다. 음주/가무/소란행위를 하지 않습니다. 쓰레기는 되가져 가시기 바랍니다. ,강북구,서울특별시 강북구 번동 산20-1,127.03172690000001,37.6327957
59,봉산도시자연공원,1511198.0,산책로9㎞ 전시관 1동 운동시설,지하철 6호선 응암역 새절역 증산역 수색역 이용  버스(G 지선 B 간선 R 광역 Y 순환) G 7017 7715 7212  접근방법(교통) 제1등산로 : 경의선 수색역(1번출구) - 도보 10분 제2등산로 : 지하철 6호선 증산역(3번출구) - 도보 10분         ※ 주 등산로만 작성 ,일반사항 공원을 깨끗하게 이용합니다. 대중교통을 이용해 주세요. 기념물 시설물 풀과 나무를 보호합니다. 야생동물보호를 위해 음식물 반입을 금지합니다. 야영 취사행위 및 불을 피우지 않습니다. 애완동물은 생태계 보전과 대중의 이용에 불편함이 없도록 출입을 자제하여 주시기 바랍니다. 음주/가무/소란행위를 하지 않습니다. 쓰레기는 되가져 가시기 바랍니다.  일반사항 산을 이용하는 시민들은 주로 제1등산로와 제2등산로 등을 이용하고 있으며 인근지역 주민들이 이용객의 대부분을 차지하고 있습니다. 현재 봉산도시자연공원 증산지구내 공원이용객 및 주민들을 위한 주차시설을 조성완료하여 타지역 이용객들의 접근성을 높이고 있으며 대중교통 이용객들을 위하여 증산역에서 봉산 주 등산로로 향하는 서울둘레길 안내표시가 설치되어 있어 등산객들의 편의성이 높은 편입니다.(※ 대중교통 이용객들을 위한 안내 표시가 일부 주 등산로까지 설치되어 있습니다.) ,은평구,서울특별시 은평구 구산동 산61,126.90201529999999,37.604071000000005
60,온수도시자연공원,1097565.0,배드민턴장 체력단련장 철봉 허리돌리기 등 운동기구,지하철 1호선 개봉역 2번출구>마을버스02 종점하차(개봉중) 미소들병원 방향(도보5분)  버스(G 지선 B 간선 R 광역 Y 순환) G6613 ,일반사항 공원을 깨끗하게 이용합니다. 대중교통을 이용해 주세요. 기념물 시설물 풀과 나무를 보호합니다. 야생동물보호를 위해 음식물 반입을 금지합니다. 야영 취사행위 및 불을 피우지 않습니다. 애완동물은 생태계 보전과 대중의 이용에 불편함이 없도록 출입을 자제하여 주시기 바랍니다. 음주/가무/소란행위를 하지 않습니다. 쓰레기는 되가져 가시기 바랍니다. ,구로구,서울특별시 구로구 개봉동 산2-60,126.83695,37.5002598
61,봉은공원,328018.0,奉恩寺 도심 한가운데 있는 奉恩寺는 그 외형적 규모뿐 아니라 역사적으로 서울의 대표적인 사찰로 알려져 있다. 일제시대에는 서울과 경기 일원의 80여 사찰을 관장하던 본사였고 조선시대에는 억불정책에도 불구하고 선종의 수사찰(首寺刹)로 한국불교의 명맥을 유지하는데 결정적 공헌을 해온 곳이다. 선불당(選佛堂) 봉은사 대웅전 한단 아래 왼쪽에 자리잡고 있는 선불당은 대중을 위한 禪房으로1941년 심검당이 있던 자리에 중건된 것이다. 선불당은 계율을 일러주는 곳 혹은 선법.교법을 닦는 곳이다. 秋史 金正喜의 '板殿' 현판 (서울시 유형문화재 제76호: 1991년 5월28일 지정) 봉은사에 있는 화엄경소를 비롯한 15종 3438매의 많은 목판본을 보관하기 위하여 세워진 전각인 판전의 정면 어칸의 처마에 걸려 있는 편액이다. 이 편액은 추사 김정희(1786~1856?)의 말년 작품으로 왼쪽에 세로로 '칠십일과병중작(칠십일과병중작)'이라 쓰여진 바와 같이 그가 71세때 병중에 쓴 글씨로 유명하다. 대방광불화엄경(大方廣佛華嚴經) 수소연의 초판 (서울시 유형문화재 제84호: 1992년 12월28일 지정) 봉은사 판전에 보관되어 있는 총 15종 3438판의 목판본 중 3133판이 바로 대방광불화엄경이다. 대승불교의 대표적 경전이라 할 수 있는 이 화엄경판은 처음 중국 당나라의 실차난타와 징관이 각각 번역하고 찬한 것으로 흔히 '화엄경'으로 줄여 부른다. 주된 내용은 부처님이 성도한 깨달음의 내용을 그대로 나타내고 있는 경전으로 여러 대승불교의 경전 가운데서도 교학적.사상적으로 불교의 핵심을 가장 깊게 담고 있다는 평가를 받고 있다. ,지하철 2호선 삼성역 하차 7호선 청담역 하차 도보로 10분 소요 ,일반사항 공원을 깨끗하게 이용합니다. 대중교통을 이용해 주세요. 기념물 시설물 풀과 나무를 보호합니다. 야생동물보호를 위해 음식물 반입을 금지합니다. 야영 취사행위 및 불을 피우지 않습니다. 애완동물은 생태계 보전과 대중의 이용에 불편함이 없도록 출입을 자제하여 주시기 바랍니다. 음주/가무/소란행위를 하지 않습니다. 쓰레기는 되가져 가시기 바랍니다. ,강남구,서울특별시 강남구 삼성동 75,127.05549609999998,37.5139026
62,올림픽공원,1447122.0,몽촌토성 음악분수 올림픽회관 지구촌공원 피크닉장 88마당 체육관,지하철 2호선 잠실역 성내역 5호선 올림픽공원역 8호선 몽촌토성역  버스(G 지선 B 간선 R 광역 Y 순환) G21-2 21-3 21-5 571 522 418 30-5 212 813-2 ,일반사항 공원을 깨끗하게 이용합니다. 대중교통을 이용해 주세요. 기념물 시설물 풀과 나무를 보호합니다. 야생동물보호를 위해 음식물 반입을 금지합니다. 야영 취사행위 및 불을 피우지 않습니다. 애완동물은 생태계 보전과 대중의 이용에 불편함이 없도록 출입을 자제하여 주시기 바랍니다. 음주/가무/소란행위를 하지 않습니다. 쓰레기는 되가져 가시기 바랍니다. ,송파구,서울특별시 송파구 올림픽로 424 (방이동),127.12295900000001,37.520934000000004
63,와룡근린공원,207790.0,말바위 테니스장 노천탕,지하철 4호선 대학로역 하차 혜화초등학교행 마을버스  버스(G 지선 B 간선 R 광역 Y 순환),일반사항 공원을 깨끗하게 이용합니다. 대중교통을 이용해 주세요. 기념물 시설물 풀과 나무를 보호합니다. 야생동물보호를 위해 음식물 반입을 금지합니다. 야영 취사행위 및 불을 피우지 않습니다. 애완동물은 생태계 보전과 대중의 이용에 불편함이 없도록 출입을 자제하여 주시기 바랍니다. 음주/가무/소란행위를 하지 않습니다. 쓰레기는 되가져 가시기 바랍니다. ,종로구,서울특별시 종로구 와룡공원길 192 (우) 03063,126.9901672,37.59079439999999
64,봉화산근린공원,1018689.0,봉수대 등,지하철 6호선 봉화산역 4번출구  버스(G 지선 B 간선 R 광역 Y 순환) 중랑구립도서관체육관 하차 G 1122 1221 2113 2223 2234 중랑구청 하차 G1122 2223 B 241A 273  주차장 주차가능 수 : 35 대 주차장 면적 : 800㎡ ,일반사항 공원을 깨끗하게 이용합니다. 대중교통을 이용해 주세요. 기념물 시설물 풀과 나무를 보호합니다. 야생동물보호를 위해 음식물 반입을 금지합니다. 야영 취사행위 및 불을 피우지 않습니다. 애완동물은 생태계 보전과 대중의 이용에 불편함이 없도록 출입을 자제하여 주시기 바랍니다. 음주/가무/소란행위를 하지 않습니다. 쓰레기는 되가져 가시기 바랍니다. ,중랑구,서울특별시 중랑구 묵동 산46-1,127.0923625,37.6106404
65,북악산도시자연공원,954553.0,현재 북악은 청와대가 있어 일반인의 등산이 금지되어 있으나 1967년까지는 청와대 뒤의 북악 일대도 가벼운 등산길이었다. 그러나 1968년 1월 21일 북한 무장공비들이 이곳까지 침투해 온 사건이 발생하여 수도권 경비강화를 목적으로 북악스카이웨이를 만들고 등산길은 폐쇄하였다.   숙정문과 창의문 사이에는 성곽옆에 1.21사태 소나무가 생육중이다.   북악산도시자연공원에는 서울성곽 18.627km의 탐방코스중 4대문 중 북대문인 숙정문에서  4소문중 북소문인 창의문 구간 약 2km의 코스가 있다.   창의문 외곽에는 북악산도시자연공원은 아니지만 자연경관보호지역으로 백사실계곡이 인접하여 있다. ,말바위 안내소  지하철 3호선 안국역 2번출구 → 지선(초록)버스 종로02번 탑승 4호선 → 지선(초록)버스 종로 08번 탑승  버스(G 지선 B 간선 R 광역 Y 순환) 종점(성균관대후문)에서 하차 후 걸어서 10분 와룡공원 도착 → 서울성곽 따라 걸어서 20분 G 종로02번 종점(명륜3가)에서 하차 후 걸어서 10분 와룡공원 도착 → 성곽을 따라 걸어서 20분 G 종로 08번  숙정문 안내소  지하철 4호선 한성대 입구 6번출구 → 지선(초록)버스 1111번 2112번 탑승  버스(G 지선 B 간선 R 광역 Y 순환) 종점(명수학교)에서 하차 후 걸어서 10분 별도의 주차공간 제공이 없는점을 감아하여 대중교통을 이용하여 주시기 바랍니다.  G 1111번 2112번  창의문 안내소  지하철 3호선 경북궁역 3번출구  버스(G 지선 B 간선 R 광역 Y 순환) 지하문고개 하차후 걸어서 2분 G 0212 1020 7022 ,일반사항 공원을 깨끗하게 이용합니다. 대중교통을 이용해 주세요. 기념물 시설물 풀과 나무를 보호합니다. 야생동물보호를 위해 음식물 반입을 금지합니다. 야영 취사행위 및 불을 피우지 않습니다. 애완동물은 생태계 보전과 대중의 이용에 불편함이 없도록 출입을 자제하여 주시기 바랍니다. 음주/가무/소란행위를 하지 않습니다. 쓰레기는 되가져 가시기 바랍니다. ,종로구,서울특별시 종로구 부암동 산2-6,126.97372949999999,37.5929992
66,북한산국립공원,1667848.0,,승용차 문의처 : 국립공원관리공단 북한산공원관리사무소 02)909-0497~8  주차장 주차가능 수 : 88대 주차장 면적 : 2000㎡ ,일반사항 공원을 깨끗하게 이용합니다. 대중교통을 이용해 주세요. 기념물 시설물 풀과 나무를 보호합니다. 야생동물보호를 위해 음식물 반입을 금지합니다. 야영 취사행위 및 불을 피우지 않습니다. 애완동물은 생태계 보전과 대중의 이용에 불편함이 없도록 출입을 자제하여 주시기 바랍니다. 음주/가무/소란행위를 하지 않습니다. 쓰레기는 되가져 가시기 바랍니다. ,강북구,서울특별시 종로구 은평구 서대문구 성북구 강북구 도봉구 일대 경기도 의정부 양주군 고양시 일대,127.00093799999999,37.624549
67,외국인묘지공원,13224.0,묘지 517기 휴게시설 편의시설 녹지대,지하철 2호선 합정역 4번출구  버스(G 지선 B 간선 R 광역 Y 순환) B361 ,일반사항 공원을 깨끗하게 이용합니다. 대중교통을 이용해 주세요. 기념물 시설물 풀과 나무를 보호합니다. 야생동물보호를 위해 음식물 반입을 금지합니다. 야영 취사행위 및 불을 피우지 않습니다. 애완동물은 생태계 보전과 대중의 이용에 불편함이 없도록 출입을 자제하여 주시기 바랍니다. 음주/가무/소란행위를 하지 않습니다. 쓰레기는 되가져 가시기 바랍니다. ,마포구,서울특별시 마포구 양화진길 46(외국인묘지공원),126.911414,37.546797
68,불광근린공원,130345.0,도서관 산책로 실외배드민턴장 등,지하철 3호선 6호선 연신내역 3번 출구 불광미성아파트 뒤  버스(G 지선 B 간선 R 광역 Y 순환) G 7723 7211 B 720 571  문의처 02)351-8001~8006 ,일반사항 공원을 깨끗하게 이용합니다. 대중교통을 이용해 주세요. 기념물 시설물 풀과 나무를 보호합니다. 야생동물보호를 위해 음식물 반입을 금지합니다. 야영 취사행위 및 불을 피우지 않습니다. 애완동물은 생태계 보전과 대중의 이용에 불편함이 없도록 출입을 자제하여 주시기 바랍니다. 음주/가무/소란행위를 하지 않습니다. 쓰레기는 되가져 가시기 바랍니다. ,은평구,서울특별시 은평구 불광동 산33-1,126.9298962,37.6188016
69,불암산도시자연공원,5332422.0,등산로 및 휴게시설,지하철 4호선 상계역 하차 도보 10분거리 불암산 방향  문의처 노원구청 공원녹지과 (02)2116-3942~68  주차장(불암산 주차장) 위 치 : 중계동 산26번지 면 적 : 2000㎡(약606평) 주차면수 : 67면   접근방법(교통) 제1등산로 : 4호선 당고개역 하차 (도보로 15~20분 소요) 제5등산로 : 4호선 상계역 하차   (도보로 10~15분 소요) 제9등산로 : 6호선 화랑대역 하차 (도보로 10~15분 소요)   ,일반사항 공원을 깨끗하게 이용합니다. 대중교통을 이용해 주세요. 기념물 시설물 풀과 나무를 보호합니다. 야생동물보호를 위해 음식물 반입을 금지합니다. 야영 취사행위 및 불을 피우지 않습니다. 애완동물은 생태계 보전과 대중의 이용에 불편함이 없도록 출입을 자제하여 주시기 바랍니다. 음주/가무/소란행위를 하지 않습니다. 쓰레기는 되가져 가시기 바랍니다. ,노원구,서울특별시 노원구 한글비석로12길 51-33(불암산공원) ,127.09527140000002,37.6636719
70,용마폭포공원,5107964.0,광장 4개소 노인정 수영장 용마폭포공원 ,지하철 7호선 용마산역 2번 출구 5호선 아차산역 1번 출구  버스(G 지선 B 간선 R 광역 Y 순환) 용마폭포공원 하차 G 1213 2012 B 320  주차장 주차가능 수 : 72 대 주차장 면적 : 2400㎡ ,일반사항 공원을 깨끗하게 이용합니다. 대중교통을 이용해 주세요. 기념물 시설물 풀과 나무를 보호합니다. 야생동물보호를 위해 음식물 반입을 금지합니다. 야영 취사행위 및 불을 피우지 않습니다. 애완동물은 생태계 보전과 대중의 이용에 불편함이 없도록 출입을 자제하여 주시기 바랍니다. 음주/가무/소란행위를 하지 않습니다. 쓰레기는 되가져 가시기 바랍니다. ,중랑구,서울특별시 중랑구 면목동 산1-4 ,127.0905888,37.5731968
71,사육신공원,47832.0,사육신묘 의절사 불이문 홍살문 비각 산책로,지하철 1호선 노량진역 하차(1번출구) 도보 10분 버스(G 지선 B 간선 R 광역 Y 순환) 사육신공원에서 하차 G 50115516551755315535553662116411 B 150152360361363500504507605640751 R 94089412 문의처 동작구청 공원녹지과 02)820-1395 주차장 소형 5대 대형 1대 주차 가능 주차장 면적 : 350㎡ ,일반사항 공원을 깨끗하게 이용합니다. 대중교통을 이용해 주세요. 기념물 시설물 풀과 나무를 보호합니다. 야생동물보호를 위해 음식물 반입을 금지합니다. 야영 취사행위 및 불을 피우지 않습니다. 애완동물은 생태계 보전과 대중의 이용에 불편함이 없도록 출입을 자제하여 주시기 바랍니다. 음주/가무/소란행위를 하지 않습니다. 쓰레기는 되가져 가시기 바랍니다. ,동작구,서울특별시 동작구 노량진로 191,126.94863600000001,37.5137049
72,용왕산근린공원,213552.0,용왕정 1동(정도600년 기념 건립) 잔디광장 6000㎡ 조깅코스 400m 건강지압로90m 배드민턴장3개소 게이트볼장1개소 어린이 놀이터1개소 약수터2개소 각종 운동시설(체력단련장) 화장실 3개동 공원등 63개 기타시설 등 ,버스(G 지선 B 간선 R 광역 Y 순환) 양천구청 ? 신목동역 G 6620 B 571 신월사거리 ? 신목동역 G 6627 B 661 607  지하철 9호선 신목동역 1번 출구에서 15분  주차장 주차가능 수 : 40대 주차장 면적 : 480㎡ ,일반사항 공원을 깨끗하게 이용합니다. 대중교통을 이용해 주세요. 기념물 시설물 풀과 나무를 보호합니다. 야생동물보호를 위해 음식물 반입을 금지합니다. 야영 취사행위 및 불을 피우지 않습니다. 애완동물은 생태계 보전과 대중의 이용에 불편함이 없도록 출입을 자제하여 주시기 바랍니다. 음주/가무/소란행위를 하지 않습니다. 쓰레기는 되가져 가시기 바랍니다. ,양천구,서울특별시 양천구 목동 199-51,126.8783125,37.5429593
73,사직근린공원,168099.87,사직단 단군성전 황학정 어린이도서관 종로시립도서관 수영장,지하철 3호선 경복궁역(1번 출구) 도보 3분  버스(G 지선 B 간선 R 광역 Y 순환) 150 152-1 159 2 205 205-1 588-2 1000 158  문의처 종로구청 공원녹지과 02-2148-2894 / 사직단 관리사무소 02-739-7205 ,일반사항 공원을 깨끗하게 이용합니다. 대중교통을 이용해 주세요. 기념물 시설물 풀과 나무를 보호합니다. 야생동물보호를 위해 음식물 반입을 금지합니다. 야영 취사행위 및 불을 피우지 않습니다. 애완동물은 생태계 보전과 대중의 이용에 불편함이 없도록 출입을 자제하여 주시기 바랍니다. 음주/가무/소란행위를 하지 않습니다. 쓰레기는 되가져 가시기 바랍니다. ,종로구,서울특별시 종로구 사직로9길 5,126.96740179999999,37.5759864
74,우장산근린공원,359435.2,강서구민회관 서울정보기능대학 운동장(인조잔디구장조깅트랙) 테니스장 트림코스장 조각의 거리 야외무대 국궁장 등,지하철 5호선 우장산역(도보 10분)  버스(G 지선 B 간선 R 광역 Y 순환) 강서구청 앞 하차(도보 5분) G 5712 6627 6645 B 604 607 650 652 70-2 70-1  주차장 주차가능 수 : 100대 ,일반사항 공원을 깨끗하게 이용합니다. 대중교통을 이용해 주세요. 기념물 시설물 풀과 나무를 보호합니다. 야생동물보호를 위해 음식물 반입을 금지합니다. 야영 취사행위 및 불을 피우지 않습니다. 애완동물은 생태계 보전과 대중의 이용에 불편함이 없도록 출입을 자제하여 주시기 바랍니다. 음주/가무/소란행위를 하지 않습니다. 쓰레기는 되가져 가시기 바랍니다. ,강서구,서울특별시 강서구 내발산동 산4-5,126.844932,37.5541932
75,삼일근린공원,36660.0,삼일공원비 삼일공원 산책길 삼일공원 놀이터,지하철 7호선 남성역(4번출구) 사당동 대림아파트 방향 도보5분  버스(G 지선 B 간선 R 광역 Y 순환) 150 152-1 159 2 205 205-1 588-2 1000 158  문의처 동작구청 공원녹지과 02)820-1395  주차장 없음 ,일반사항 공원을 깨끗하게 이용합니다. 대중교통을 이용해 주세요. 기념물 시설물 풀과 나무를 보호합니다. 야생동물보호를 위해 음식물 반입을 금지합니다. 야영 취사행위 및 불을 피우지 않습니다. 애완동물은 생태계 보전과 대중의 이용에 불편함이 없도록 출입을 자제하여 주시기 바랍니다. 음주/가무/소란행위를 하지 않습니다. 쓰레기는 되가져 가시기 바랍니다. ,동작구,서울특별시 동작구 사당동 산24-17,126.9743686,37.4860183
76,삼청근린공원,380735.0,삼청동문(암각) 배드민턴장 테니스장 어린이 놀이터 다목적 공터 및 매점 등 ,지하철 5호선 광화문역하차 삼청동 마을버스  문의처 종로구청 공원녹지과02-731-1455 ,일반사항 공원을 깨끗하게 이용합니다. 대중교통을 이용해 주세요. 기념물 시설물 풀과 나무를 보호합니다. 야생동물보호를 위해 음식물 반입을 금지합니다. 야영 취사행위 및 불을 피우지 않습니다. 애완동물은 생태계 보전과 대중의 이용에 불편함이 없도록 출입을 자제하여 주시기 바랍니다. 음주/가무/소란행위를 하지 않습니다. 쓰레기는 되가져 가시기 바랍니다. ,종로구,서울특별시 종로구 북촌로 134-1 (우) 03050,126.9842875,37.5895821
77,인왕산도시자연공원,1807420.9,인왕사 선바위 국사당 인왕천 만수천 석굴암약수터,지하철 3호선 경복궁역 독립문역 하차 도보 15분  한양도성 탐방로(사직동) : 지하철 3호선 1번출구   버스(G 지선 B 간선 R 광역 Y 순환)     한양도성 탐방로(청운동) : 버스 1020번 7022번 7212번(윤동주문화관 하차)  탕춘대성 탐방로(홍지문) : 버스 1020번 7022번 7212번 1711번 7016번(상명대 입구 하차)   주 등산로와 정류장(지하철버스) 연계현황    인왕산 주 등산로은 한양도성탐방로와 탕춘대성 2개 노선으로 이루어져 있으며 인왕산을 찾는 사람은 보통 지하철 3호선 경복궁에서 도보로 사직공원을 경유하여 종로구 문화체육센타앞에서 출발하는 노선을 이용하고 있으며  반대로 지하철 3호선 경복궁역에서 하차 3번출 앞에서 후 버스로 환승 후  윤동주문화관에서 하차 청운동지점을 이용한다.   탕춘대성 노선은 사직동이나 청운동에서 출발하여 홍지문 방향으로 주로 이용하지만 반대로 버스를 이용하여 상명대 입구에서 하차하여 이용하는 방법도 있다.    ,일반사항 공원을 깨끗하게 이용합니다. 대중교통을 이용해 주세요. 기념물 시설물 풀과 나무를 보호합니다. 야생동물보호를 위해 음식물 반입을 금지합니다. 야영 취사행위 및 불을 피우지 않습니다. 애완동물은 생태계 보전과 대중의 이용에 불편함이 없도록 출입을 자제하여 주시기 바랍니다. 음주/가무/소란행위를 하지 않습니다. 쓰레기는 되가져 가시기 바랍니다. ,종로구,서울특별시 종로구 옥인동 산 3-1 ,126.9578438,37.5849001
78,상도근린공원,359342.8,배드민턴장 생활체육시설 약수터 산책로,지하철 1호선 노량진역 하차 육교건너 마을버스 13번 승차 후 국사봉중학교 하차  문의처 동작구청 공원녹지과 02)820-1395  주차장 없음 ,일반사항 공원을 깨끗하게 이용합니다. 대중교통을 이용해 주세요. 기념물 시설물 풀과 나무를 보호합니다. 야생동물보호를 위해 음식물 반입을 금지합니다. 야영 취사행위 및 불을 피우지 않습니다. 애완동물은 생태계 보전과 대중의 이용에 불편함이 없도록 출입을 자제하여 주시기 바랍니다. 음주/가무/소란행위를 하지 않습니다. 쓰레기는 되가져 가시기 바랍니다. ,동작구,서울특별시 동작구 성대로6사길 27-6(상도공원) ,126.9385469,37.492298999999996
79,일자산도시자연공원,632733.0,실내배드민턴장 실내체육관 산책로 X-게임장 잔디광장 인공폭포,지하철 5호선 강동역 둔촌역 하차 보도 20분  버스(G 지선 B 간선 R 광역 Y 순환) 보훈병원 뒤편 일자산입구역에서 하차 B 342  접근방법   - 일자산 제1등산로 (2.1㎞)  ? 5호선 둔촌동역에서 도보로 약 20분  ? 5호선 둔촌동역에서 강동01 마을버스 타고 둔촌현대3차아파트에서 하차 후 도보로 약 8분  - 일자산 제2등산로 (4.2㎞)  ? 5호선 둔촌동역에서 도보로 약 26분  ? 5호선 둔촌동역에서 3316 버스를 타고 서하남IC입구 정류장에서 하차    주차장 주차가능 수 : 98 대 ,일반사항 공원을 깨끗하게 이용합니다. 대중교통을 이용해 주세요. 기념물 시설물 풀과 나무를 보호합니다. 야생동물보호를 위해 음식물 반입을 금지합니다. 야영 취사행위 및 불을 피우지 않습니다. 애완동물은 생태계 보전과 대중의 이용에 불편함이 없도록 출입을 자제하여 주시기 바랍니다. 음주/가무/소란행위를 하지 않습니다. 쓰레기는 되가져 가시기 바랍니다.  주 등산로와 정류장(지하철버스) 연계현황  일자산 주 등산로는 지하철역에서 바로 연계되지는 않지만 도보 또는 버스를 이용하더라도 2~30분 정도면 도착이 가능합니다.   일자산은 해발고도 100미터 이하의 낮은 야산으로 가볍게 산책을 할 수 있는 숲길로 강동구와 하남시에 걸쳐 있습니다.  지하철역 및 버스정류장에서 등산로 입구까지는 안내판이 없는 실정이며 금년 서울둘레길 고덕?일자산 구간 정비시 등산로에 대한 각종 안내판을 설치할 예정입니다.   코스설명   - 일자산 제1등산로 (2.1㎞)  ? 일자산입구(보훈병원 건너) ~ 해맞이광장 ~ 허브천문공원 ~ 길동생태공원  - 일자산 제2등산로 (4.2㎞)  ? 서허남IC입구 ~ 둔굴 ~ 해맞이광장 ~ 일자산하남시구간 ~ 명일근린공원입구    ,강동구,서울특별시 강동구 동남로 660(일자산공원),127.1574587,37.5431657
80,쌍문근린공원,328018.0,산책등산로 정자 약수터 화장실 테니스장 배구장 배드민턴장 문화센터 등,지하철 4호선 쌍문역 → 1km걷기 A 쌍문근린공원입구 B 청소년문화회관 F 세심천지구입구 G 세심천지구  버스(G 지선 B 간선 R 광역 Y 순환) G 도봉07 도봉04 도봉01 선덕학원 하차 G 111911281157  세그루학원 하차 G 도봉05  우성1차아파트 초당초등학교 하차  승용차 시청 → 세종로사거리 우측 → 종로5가 이화사거리 → 혜화동사거리 → 미아사거리 → 강북구청 → 광산사거리 → 숭미초등학교 → 쌍문근린공원  주차장 주차장이 없으므로 대중교통을 이용하시기 바랍니다. ,일반사항 공원을 깨끗하게 이용합니다. 대중교통을 이용해 주세요. 기념물 시설물 풀과 나무를 보호합니다. 야생동물보호를 위해 음식물 반입을 금지합니다. 야영 취사행위 및 불을 피우지 않습니다. 애완동물은 생태계 보전과 대중의 이용에 불편함이 없도록 출입을 자제하여 주시기 바랍니다. 음주/가무/소란행위를 하지 않습니다. 쓰레기는 되가져 가시기 바랍니다. ,도봉구,서울특별시 도봉구 쌍문동 산80,127.02713159999999,37.6531456
81,수락산도시자연공원,6691885.3,등산로 및 휴게시설,지하철 4호선 당고개역 하차 도보 10분거리 수락산 방향 4호선 상계역 하차 7호선 수락산역 3번 출구 도보 이용  버스(G 지선 B 간선 R 광역 Y 순환) 15 20 20-2 215 235-1 45-2 745 R 720 731 745  문의처 노원구청 공원녹지과 02)2116-3942~68  주차장 수락산역 공영주차장: 수락산역 3번출구 동막골 주차장 위치 : 상계3.4동 31번지외 2필지 면적 : 3300㎡(약1000평) 주차면수 : 120면   접근방법(교통) 제3등산로 : 7호선 수락산역 1번출구 하차 (도보로 10~15분 소요) 제4등산로 : 7호선 수락산역 3번출구 하차  (도보로 10~15분 소요) 제8등산로 : 4호선 당고개역역 하차 (도보로 15~20분 소요)   ,일반사항 공원을 깨끗하게 이용합니다. 대중교통을 이용해 주세요. 기념물 시설물 풀과 나무를 보호합니다. 야생동물보호를 위해 음식물 반입을 금지합니다. 야영 취사행위 및 불을 피우지 않습니다. 애완동물은 생태계 보전과 대중의 이용에 불편함이 없도록 출입을 자제하여 주시기 바랍니다. 음주/가무/소란행위를 하지 않습니다. 쓰레기는 되가져 가시기 바랍니다.,노원구,서울특별시 노원구 상계동 산3-1,127.08136329999999,37.699232
82,송파나루근린공원(석촌호수),285757.0,휴게소 서울놀이마당 매직아일랜드 석촌호수,지하철 2호선 8호선 잠실역(석촌호수 방향)  버스(G 지선 B 간선 R 광역 Y 순환) 16 21 21-2 56-2 63-1 65 212 415 555-2 569 812 812-1 813 30 64 64-1. 933 906 1001 1002 1116 1117  문의처 02-410-3395 ,일반사항 공원을 깨끗하게 이용합니다. 대중교통을 이용해 주세요. 기념물 시설물 풀과 나무를 보호합니다. 야생동물보호를 위해 음식물 반입을 금지합니다. 야영 취사행위 및 불을 피우지 않습니다. 애완동물은 생태계 보전과 대중의 이용에 불편함이 없도록 출입을 자제하여 주시기 바랍니다. 음주/가무/소란행위를 하지 않습니다. 쓰레기는 되가져 가시기 바랍니다. ,송파구,서울특별시 송파구 잠실로 148 (잠실동) ,127.09830020000001,37.5069328
83,선유도근린공원,110407.0,녹색기둥의 정원 시간의 정원 수질정화원 수생식물원 선유정 네개의 원형공간 카페테리아나루 선유교 전망데크,지하철로 오실때 - 9호선 선유도역 하차 : 2번 출구 도보 7분 소요(약 700m)  - 29호선 당산역 하차 : 1 13번 출구(약 100m) → 그랜드컨벤션센터 앞 정류장                                      → 일반버스760 5714 603 탑승 후 선유도공원 정문 하차 - 26호선 합정역 하차 : 5  10번 출구 → 버스중앙차선 양화대교방면 정류장                                   → 일반버스 603 760 5714 7612 탑승 후 선유도공원 정문 하차 버스로 오실 때 정문에서 가까운 쪽 (양화대교) - 선유도공원 정문 하차 :  603 760 5714 7612 - 카페 아리따움 정류소 하차 후 합정역 방향으로 도보 5분 : 602 604 5712 6712 6716 후문에서 가까운 쪽 (선유교) - 선유도입구 한신아파트 하차 : 602 604 605 642 670 661 5616 5712 6514 6716 6631 6712                                                6623 6632 70-2 70 70-3 88-1 60 88 60-3  승용차로 오실 때 공원 내 장애인주차만 가능 합니다. 그 외 차량은 양화한강공원 주차장(070-7545-7464) 이용  - 올림픽대로 잠실방면    → 성산대교 밑에서 우측방향으로 진행 후 좌회전(굴다리 통과) 양화 한강공원 주차장 이용 - 올림픽대로 공항방면    → 양화대교를 지나 1000m지점 양화한강공원 선유도방면 진입 양화 한강공원 주차장 이용,선유도공원 개방시간 : 06:00~24:00   프로그램 예약 탐방안내 신청은 인터넷으로 가능    일반사항 공원을 깨끗하게 이용합니다. 대중교통을 이용해 주세요. 기념물 시설물 풀과 나무를 보호합니다. 야생동물보호를 위해 음식물 반입을 금지합니다. 야영 취사행위 및 불을 피우지 않습니다. 애완동물은 생태계 보전과 대중의 이용에 불편함이 없도록 출입을 자제하여 주시기 바랍니다. 음주/가무/소란행위를 하지 않습니다. 쓰레기는 되가져 가시기 바랍니다. ,영등포구,서울특별시 영등포구 선유로 343 (당산동 1) 선유도공원관리사무소,126.90014,37.543418
84,손기정체육공원,29682.2,청소년독서실 마을문고 테니스장 게이트볼장 어린이놀이터,지하철 2호선 충정로역 5번 출구 1호선 서울역 2번 출구  버스(G 지선 B 간선 R 광역 Y 순환) 3 48 588  문의처 중구청 공원녹지과 02)3396-5852  주차장 주차가능 수 : 197 대 주차장 면적 : 6876.52㎡ ,일반사항 공원을 깨끗하게 이용합니다. 대중교통을 이용해 주세요. 기념물 시설물 풀과 나무를 보호합니다. 야생동물보호를 위해 음식물 반입을 금지합니다. 야영 취사행위 및 불을 피우지 않습니다. 애완동물은 생태계 보전과 대중의 이용에 불편함이 없도록 출입을 자제하여 주시기 바랍니다. 음주/가무/소란행위를 하지 않습니다. 쓰레기는 되가져 가시기 바랍니다. ,중구,서울특별시 중구 손기정로 101 ,126.9652702,37.5560189
85,성북근린공원,137759.0,생태연못 전망대 휴게광장 나무집 야외학습장 바닥분수 등,대중교통(G 지선 B 간선 R 광역 Y 순환) 4호선 한성대입구역(6번출구) 마을버스 성북01번 구민회관(종점) 하차 후 도보 약 15분 소요 4호선 성신여대역(6번출구) G 1162번 우정의공원(종점) 하차 후 도보 약 20분 소요 문의처 성북구청 공원녹지과 02)920-4418 ,일반사항 공원을 깨끗하게 이용합니다. 대중교통을 이용해 주세요. 기념물 시설물 풀과 나무를 보호합니다. 야생동물보호를 위해 음식물 반입을 금지합니다. 야영 취사행위 및 불을 피우지 않습니다. 애완동물은 생태계 보전과 대중의 이용에 불편함이 없도록 출입을 자제하여 주시기 바랍니다. 음주/가무/소란행위를 하지 않습니다. 쓰레기는 되가져 가시기 바랍니다. ,성북구,서울특별시 성북구 돈암동 616-1055,127.0078625,37.5948509
86,봉제산공원,917190.0,법성사 용문사 약수터 배드민턴장,접근방법 제1등산로 : 가양역 하차→마포고등학교 앞 6715승차 → 대일고교앞 하차 제2등산로 : 까치산역3번출구→강서03번 승차→한광고등학교 앞 하차→ 봉제산약수터 장수동산방향으로 도보 약3분 제3등산로 : 화곡역4번출구→강서01번 승차→신학대학 앞 하차→그리스도 신학대학 방향으로 도보 약5분 제4등산로 : 화곡역4번출구→강서01번 승차→마을버스 종점(약수터)하차- 버스(G 지선 B 간선 R 광역 Y 순환) 강서구청 하차(도보 15분) G 588 70-1 70-2 주차장 주차가능 수 : 10 대 주차장 면적 : 40㎡,일반사항 공원을 깨끗하게 이용합니다. 대중교통을 이용해 주세요. 기념물 시설물 풀과 나무를 보호합니다. 야생동물보호를 위해 음식물 반입을 금지합니다. 야영 취사행위 및 불을 피우지 않습니다. 애완동물은 생태계 보전과 대중의 이용에 불편함이 없도록 출입을 자제하여 주시기 바랍니다. 음주/가무/소란행위를 하지 않습니다. 쓰레기는 되가져 가시기 바랍니다. ,강서구,서울특별시 강서구 화곡동 산41-6,126.85178359999999,37.5421979
87,서울창포원,51470.0,붓꽃원 약용식물원 수변식물원초화원. 방문자센터 등,지하철 1호선 7호선 도봉산역 2번출구로 나와서 1분거리  도봉산역 자세히 보기 버스(G 지선 B 간선 R 광역 Y 순환) B 106 107 108 140 150 160  G 도봉09 주차장 서울창포원에는 주차장이 없습니다. 대중교통을 이용하여 주시고 차량이용시 도봉산역 건너편 환승주차장(유료)에 주차 후 입장해주시기 바랍니다.,일반사항 공원을 깨끗하게 이용합니다. 대중교통을 이용해 주세요. 기념물 시설물 풀과 나무를 보호합니다. 야생동물보호를 위해 음식물 반입을 금지합니다. 야영 취사행위 및 불을 피우지 않습니다. 애완동물은 생태계 보전과 대중의 이용에 불편함이 없도록 출입을 자제하여 주시기 바랍니다. 음주/가무/소란행위를 하지 않습니다. 쓰레기는 되가져 가시기 바랍니다. ,도봉구,서울특별시 도봉구 마들로 916(서울창포원) ,127.04793799999999,37.689585
88,북서울꿈의숲,662543.0,조경시설 : 청운답원 월영지 월광폭포 단풍숲 초화원 사슴동산 칠폭지 볼플라자 산책로 쉼터 데크 계류 옥상녹화 등 건축시설 : 방문자센터(서울디자인갤러리) 전망대 공연장(2) 미술관 창녕위궁재서 주차장(402대) 레스토랑(2) 카페(2) 기타시설 : 태양광발전시설 경사형엘리베이터(2) Open스튜디오 ,지하철 동문(방문자센터) 방면으로 오시는 방법 1호선 월계역 2번출구 50m앞 1호선 석계역 7번출구 우측 20m (횡단보도 건너편) 4호선 미아삼거리역 1번출구 10m앞 6호선 돌곶이역 3번출구 30m앞 7호선 하계역 5번출구 100m앞 서문(전망대 아트센터) 방면으로 오시는 방법 4호선 미아삼거리역 2번출구 40m앞 (횡단보도 건너 우측) 4호선 미아삼거리역 3번출구 70m앞 버스(G 지선 B 간선 R 광역 Y 순환) 동문(방문자센터) 방면으로 오시는 방법 G 성북14(석계역) 강북09(미아삼거리역) 강북11 (미아삼거리) B 147(월계역/돌곶이역) 149(하계역) 서문(전망대 아트센터) 방면으로 오시는 방법 G 1124(미아삼거리역) 강북05(미아삼거리역)   ,일반사항 공원을 깨끗하게 이용합니다. 대중교통을 이용해 주세요. 기념물 시설물 풀과 나무를 보호합니다. 야생동물보호를 위해 음식물 반입을 금지합니다. 야영 취사행위 및 불을 피우지 않습니다. 애완동물은 생태계 보전과 대중의 이용에 불편함이 없도록 출입을 자제하여 주시기 바랍니다. 음주/가무/소란행위를 하지 않습니다. 쓰레기는 되가져 가시기 바랍니다. ,강북구,서울특별시 강북구 월계로 173,127.0407344,37.623335499999996
89,서서울호수공원,217946.0,소리분수(노즐41개) 미디어벽천 실개천 건천(계류시설) 백인의 식탁 음수전 등 체육시설 : 축구장 (3010㎡)ㆍ농구장 1면(240㎡)ㆍ배드민턴장 4면(1050㎡) 철봉 등 12 종(53개) ,지하철 5호선 화곡역 7번출구 나온 후 652 6627번 버스 환승 25호선 까치산역 4번 출구 나온 후 653번 버스 환승  버스(G 지선 B 간선 R 광역 Y 순환) B 651 652 653 G 6625 6627 서서울호수공원 정류장 하차  승용차 김포공항 → 강서면허시험장 → 신월사거리 → 신월IC 150M전 SK주유소 앞 우회전 개봉동 → 신월IC → 김포공항 방향(1차로) → U턴 → 신월IC 150M전 SK주유소 앞 우회전 ,일반사항 공원을 깨끗하게 이용합니다. 대중교통을 이용해 주세요. 기념물 시설물 풀과 나무를 보호합니다. 야생동물보호를 위해 음식물 반입을 금지합니다. 야영 취사행위 및 불을 피우지 않습니다. 애완동물은 생태계 보전과 대중의 이용에 불편함이 없도록 출입을 자제하여 주시기 바랍니다. 음주/가무/소란행위를 하지 않습니다. 쓰레기는 되가져 가시기 바랍니다. ,양천구,서울특별시 양천구 남부순환로64길 20 (신월동),126.83047890000002,37.5278392
90,중랑캠핑숲,179666.0,조경시설  수경시설 : 2900㎡(분수연못 1120 테라스연못 440 계류 720 건천 620) 잔디광장 : 5000㎡(청소년문화존/Wi-Fi) 산 책 로 : 1767㎡(산책로 797 등산로 970) 조경수목 : 82473주(교목 2411 관목 80062) 기타녹지 : 90480㎡(지피식물 6000 잔디 14480 녹지 70000 초화 164000본)       휴양시설  캠 핑 장 : 47면(37200㎡/관리사무소 1동 화장실 1동 식기세척장 1동 운동시설 등)       교양시설  청소년독서실 : 936㎡(2층) 청소년커뮤니티센터 : 390㎡(3층) 생태학습존 청소년문화존 일부 : 24400㎡   관리시설 관리사무소 : 576㎡(공원 196 캠핑장 380/ 스파 화장실 매점 등) 주 차 장 : 68면(청소년문화존 58 가족캠프존 10) 공 원 등 : 136주 (공원등 90 보안등 46) ,지하철 중앙선 양원역 하차 2번출구로 나와서 좌측 방향 5분 거리           망우청소년수련관 지나면 관리사무소 진입  버스(G 지선 B 간선 R 광역 Y 순환) 송곡여고 하차 G 2113 양원역 하차  B 270 양원역 입구 하차   B262 G 2234 70(경기) ,일반사항 공원을 깨끗하게 이용합니다. 대중교통을 이용해 주세요. 기념물 시설물 풀과 나무를 보호합니다. 야생동물보호를 위해 음식물 반입을 금지합니다. 야영 취사행위 및 불을 피우지 않습니다. 애완동물은 생태계 보전과 대중의 이용에 불편함이 없도록 출입을 자제하여 주시기 바랍니다. 음주/가무/소란행위를 하지 않습니다. 쓰레기는 되가져 가시기 바랍니다. ,중랑구,서울특별시 중랑구 송림길 160(중랑캠핑숲)/중랑구 망우동 74(청소년체험의숲),127.1093075,37.6049896
91,솔밭근린공원,34955.0,조경시설 : 실개울 벽천 분수 생태연못 그늘시렁 등 편의시설 : 화장실 음수대 등 관리시설 : 관리사무소 공원등 안내표지판 등 기반시설 : 놀이마당 배드민턴장 어린이놀이터 산책로 데크광장 ,지하철 4호선 수유역 : 8번출구 → 간선버스(파란색) 120 153 이용 다섯정거장 후 덕성여대앞 하차 버스(G 지선 B 간선 R 광역 Y 순환) 삼양동사거리 삼양초등학교 화계사입구 B 109 144 수유사거리 R 1144 화계사입구 빨래골입구 솔샘사거리 R 1166 승용차 주차장이 없으므로 대중교통을 이용하시기 바랍니다. ,일반사항 공원을 깨끗하게 이용합니다. 대중교통을 이용해 주세요. 기념물 시설물 풀과 나무를 보호합니다. 야생동물보호를 위해 음식물 반입을 금지합니다. 야영 취사행위 및 불을 피우지 않습니다. 애완동물은 생태계 보전과 대중의 이용에 불편함이 없도록 출입을 자제하여 주시기 바랍니다. 음주/가무/소란행위를 하지 않습니다. 쓰레기는 되가져 가시기 바랍니다. ,강북구,서울특별시 강북구 우이동 80번지 일대,127.01162409999999,37.652331
92,금천체육공원(관악산),18083.0,야외무대 농구장 배드민턴장 그날막 조합놀이대 연못 장승 목재데크 황토길 지압로 분수,지하철 1호선 독산역 : 1번출구 * 마을버스정류장 - 금천08 마을버스 탑승 - 구민문화체육센터 하차 - 금천구민문화체육센터 * 뒷길로 올라가다 오른쪽 계단 올라가면 체육공원 (1번 출구 나와 횡단보도 건넌 후 파리바게트에서 T world 쪽으로 걸으면 버스정류장) 뒷길 (금천08마을버스 내리면 오른쪽 주차장이 있는데 그 길로 가면 올라가는 길보임.)  버스(G 지선 B 간선 R 광역 Y 순환) 독산정훈단지 앞에서 하차 → 정심초등학교 방면 15분 R 505 독산4동 주민센터 앞에서 하차 → 정심초등학교 방면 10분 B 5620 5619  승용차 시흥사거리 - 은행나무사거리에서 20M도로로 좌회전 - 좌회전 후 직진 시흥4동사거리에서 우회전 (산기슭공원.남부여성발전센터.홍일초등학교 방면 ) (금천구민 문화체육센터 금천구립정보도서관 표지판보임) - 산기슭공원 삼거리 에서 좌회전 (남부여성 발전센터 지나 홍일초등학교에서 좌회전) - 오른쪽 길 따라 직진 문교초등학교 지나면 체육공원 ,일반사항 공원을 깨끗하게 이용합니다. 대중교통을 이용해 주세요. 기념물 시설물 풀과 나무를 보호합니다. 야생동물보호를 위해 음식물 반입을 금지합니다. 야영 취사행위 및 불을 피우지 않습니다. 애완동물은 생태계 보전과 대중의 이용에 불편함이 없도록 출입을 자제하여 주시기 바랍니다. 음주/가무/소란행위를 하지 않습니다. 쓰레기는 되가져 가시기 바랍니다. ,금천구,서울특별시 금천구 독산동 산118-4(금천체육공원),126.908681,37.468164
93,금천폭포근린공원,4835.0,문화회관 2020㎡ 인공폭포(L30 x H12m) 공원시설 전망대 등,지하철 1호선 금천구청역 : 1번출구 - 금천04 마을버스 탑승 - 금천폭포공원 하차 - 도로건너 천주교 시흥동 성당 옆 - 금천폭포공원(15분) 버스(G 지선 B 간선 R 광역 Y 순환) 시흥 -> 안양 방면 : 버스정류장 (중앙차선) 버스 탑승후 금천폭포공원 정류장 하차 G B R 5. 150. 500. 5530. 5531. 5618. 5623. 5625. 5713 등 안양 -> 시흥 방면 : 버스정류장 (중앙차선) 버스 탑승후 금천폭포공원 정류장 하차 G B R 5530. 5531. 5625. 5626. 5713. 5623 승용차 시흥사거리 - 안양방면으로 가면 (우측 시흥 홈플러스 지나) - 금천폭포공원 버스정류장에서 좌회전 (우측 조선냉장) - 좌회전 후 첫번째 골목으로 우회전 - 우회전 후 직진 금천폭포공원 ,일반사항 공원을 깨끗하게 이용합니다. 대중교통을 이용해 주세요. 기념물 시설물 풀과 나무를 보호합니다. 야생동물보호를 위해 음식물 반입을 금지합니다. 야영 취사행위 및 불을 피우지 않습니다. 애완동물은 생태계 보전과 대중의 이용에 불편함이 없도록 출입을 자제하여 주시기 바랍니다. 음주/가무/소란행위를 하지 않습니다. 쓰레기는 되가져 가시기 바랍니다. ,금천구,서울특별시 금천구 시흥대로38길 61(시흥동 937-2),126.90401270000001,37.446866299999996
94,만수천공원(관악산),19650.0,체육시설 : 생활체육시설 독산테니스장(8면) 배드민턴장(2개소) 다목적 광장 편익시설 : 정자(3동) 화장실(2개소) 만수천 약수터,지하철 1호선 독산역 : 1번출구 - 금천08 마을버스 탑승 - 독산3동 주민센터 하차 - 난곡방면 200m 우측 - 독산고등학교 옆 현대수퍼팬시 골목길 - 영남초등학교 정문과 독산고등학교 사잇길로 올라감 버스(G 지선 B 간선 R 광역 Y 순환) G 5525 독산3동 주민센터 하차 - 난곡방면 200m 우측 독산고등학교 - 독산고등학교 옆 현대수퍼팬시 골목길 - 영남초등학교 정문과 독산고등학교 사잇길로 올라감 승용차 시흥사거리 - 독산사거리 - 독산사거리에서 우회전 - 독산동길(20m) 까지 직진 - 독산동길(20m) 삼거리에서 좌회전 - 문성골길 삼거리에서 우회전(독산고 방향) - 독산고등학교 옆 현대수퍼팬시 골목길 - 영남초등학교 정문과 독산고등학교 사잇길로 올라감 ,일반사항 공원을 깨끗하게 이용합니다. 대중교통을 이용해 주세요. 기념물 시설물 풀과 나무를 보호합니다. 야영 취사행위 및 불을 피우지 않습니다. 애완동물은 목줄을 채우고 배설물은 스스로 치웁니다. 음주/가무/소란행위를 하지 않습니다. 쓰레기는 되가져 가시기 바랍니다. ,금천구,서울특별시 금천구 독산동 산8 일대,126.9090028,37.4734274
95,발바닥공원,7000.0,기반시설 : 산책로 조경시설 : 관상용식수대 그늘시렁 연못 휴양시설 : 정자 운동시설 : 체력단련시설 편익시설 : 화장실 지압보도 관리시설 : 도봉환경교실,지하철 1호선 4호선 창동역 : 1번출구 - G 1119 : 방학3동사무소 하차 4호선 쌍문역 : 2번출구 - G 1125 : 쌍문청구아파트 하차  버스(G 지선 B 간선 R 광역 Y 순환) G 1119  방학3동사무소 하차 1125 : 쌍문청구아파트 하차  승용차 고속터미널 → 반포대교북단영동대교방면우측 → 잠실대교한남동우측고가도로 → 성수대교동부간선도로 우측 → 동부간선지하차도→ 방학사거리 → 성원아파트 → 발바닥공원  주차장 주차장이 없으므로 대중교통을 이용하시기 바랍니다. ,일반사항 공원을 깨끗하게 이용합니다. 대중교통을 이용해 주세요. 기념물 시설물 풀과 나무를 보호합니다. 야영 취사행위 및 불을 피우지 않습니다. 애완동물은 목줄을 채우고 배설물은 스스로 치웁니다. 음주/가무/소란행위를 하지 않습니다. 쓰레기는 되가져 가시기 바랍니다. ,도봉구,서울특별시 도봉구 시루봉로6길 33,127.03198200000001,37.6597135
96,월천근린공원,10712.0,기반시설 : 산책로 조경시설 : 관상용식수대 그늘시렁 연못 휴양시설 : 정자 장의자 운동시설 : 배드민턴장 체력단련시설 유희시설 : 그네 미끄럼틀 시솔 조합놀이대 등 편익시설 : 화장실 음수대 관리시설 : 공원등 안내판,지하철 1호선 녹천역 → 321m걷기 A 월천근린공원  버스(G 지선 B 간선 R 광역 Y 순환) G 1120 1144  상계주공18단지 하차 G 1157 1133  녹천역 북부역 하차  승용차 시청 → 세종로사거리 우측 → 종로5가 이화사거리 → 혜화동사거리 → 월계로(지하차도) → 월계4동사무소앞 → 월계역입구 → 녹천교 → 녹천역입구 → 월천근린공원  주차장 주차장이 없으므로 대중교통을 이용하시기 바랍니다. ,일반사항 공원을 깨끗하게 이용합니다. 대중교통을 이용해 주세요. 기념물 시설물 풀과 나무를 보호합니다. 야영 취사행위 및 불을 피우지 않습니다. 애완동물은 목줄을 채우고 배설물은 스스로 치웁니다. 음주/가무/소란행위를 하지 않습니다. 쓰레기는 되가져 가시기 바랍니다. ,도봉구,서울특별시 도봉구 창동 28번지,127.0509895,37.647388899999996
97,용두근린공원,17182.0,조경시설 : 연못 계류 분수 그늘시렁 편의시설 : 음수대 휴게소 야외전시장 야외전시벽 놀이터 관리시설 : 공원안내판 관리동 기반시설 : 도로 진입광장 휴게광장 ,지하철 2호선 용두역 : 4번출구 도보 1분  버스(G 지선 B 간선 R 광역 Y 순환) G 130 145 300 303 370 721  동대문구청 앞 하차 G 2015 2112 동대문구청 앞 하차 ,일반사항 공원을 깨끗하게 이용합니다. 대중교통을 이용해 주세요. 기념물 시설물 풀과 나무를 보호합니다. 야영 취사행위 및 불을 피우지 않습니다. 애완동물은 목줄을 채우고 배설물은 스스로 치웁니다. 음주/가무/소란행위를 하지 않습니다. 쓰레기는 되가져 가시기 바랍니다. ,동대문구,서울특별시 동대문구 용두동 34-1번지 일대,127.03900420000001,37.5732791
98,상암근린공원,160349.3,조경시설 : 생태연못 생태습지 암석원 그늘시렁 정자 등 편의시설 : 화장실 연식의자 등 관리시설 : 종합안내판 공원등 관리사무소 모유수유실 유모차대여소 등 기반시설 : 운동기구(어깨손목돌리기 등 7종 10조) ,지하철 6호선 디지털미디어시티역 : 2번출구 버스이용 약5분 6호선 마포구청역 : 1번출구 버스이용 10분 버스(G 지선 B 간선 R 광역 Y 순환) B 670  서부면허시험장 앞 하차 B 710 171 771 670  상암고등학교 앞 하차 도보5분 G 7011 7016  서부면허시험장 앞 하차 G 6715 7013A 7013B 7711 7715  상암고등학교 앞 하차 도보5분 G 마을버스 8번 15번 서부운전면허시험장 앞 하차(상지초등학교쪽 입구 방향) G 마을버스 8번 4단지입구 앞 하차(상암산 입구 방향) 승용차 서부면허시험장 앞 강변북로 일산방향 : 월드컵공원 방면 우측방향 → 난지천공원입구 → 서부면허시험장 방면 우회전 강변북로 성산대교북단 → 마포구청 방면 → 월드컵경기장 연신내역 방향 → 난지천공원입구 → 서부면허시험장 방면 우회전 주차장 공원입구 주차가능(10대) ,일반사항 평지형 공원으로 공원 입구 옆 10대 주차가능한 주차장이 있으며 무료로 공원이용프로그램을 운영하고 있으며 선착순 접수를 받고 있습니다. ,마포구,서울특별시 마포구 상암동 1761,126.8859012,37.576010600000004
99,와우근린공원,87432.4,배드민턴장 약수터 농구장 조깅트랙 체력단련장 지압보도 광장,지하철 2호선 신촌역 : 7번출구 도보 약 10분 2호선 홍대입구역 : 4번출구 도보 약 10분 6호선 상수역 : 2번출구 도보 약 10분 버스(G 지선 B 간선 R 광역 Y 순환) B 273 삼진제약 앞 하차 G 7011 삼진제약 앞 하차 승용차 홍대정문앞 홍대정문앞 → 신촌역 방향으로 약400m 정도 지나 산울림소극장앞 4거리 우회전 → 약70m 직진 주차장 공원내 별도 주차장이 마련되어 있지 않음 ,일반사항 산지형 공원으로 별도로 공원내 주차장이 없으며 무료로 실내배드민턴장 농구장 게이트볼장을 시민 누구나 사용하실 수 있습니다.  공통사항 실내배드민턴장 이용시간 : 새벽 6시 ~ 밤 10시 ,마포구,서울특별시 마포구 창전동 3-193번지 일대(홍익대 뒷산),126.9289936,37.5517298
100,금호근린공원,13467.0,체육관 경로당 청소년 문화회관 어린이집 그늘시렁 음수대 평의자 등의자 운동시설물 공원등 종합안내간판 등 ,지하철 3호선 금호역 : 1번출구 두산아파트 정문 옆 골목 100m 5호선 신금호역 : 1번출구 G 마을버스 5번 승차후 금호동 3가 동사무소 앞 하차  버스(G 지선 B 간선 R 광역 Y 순환) G B 110A 110B 2016 2233 2411 7212 421 241A 241B  금남시장하차(금호역 방향 도보 10분) ,일반사항 공원을 깨끗하게 이용합니다. 대중교통을 이용해 주세요. 기념물 시설물 풀과 나무를 보호합니다. 야영 취사행위 및 불을 피우지 않습니다. 애완동물은 목줄을 채우고 배설물은 스스로 치웁니다. 음주/가무/소란행위를 하지 않습니다. 쓰레기는 되가져 가시기 바랍니다. ,성동구,서울특별시 성동구 장터1길 18,127.01894569999999,37.5494726
101,달맞이근린공원,46871.0,경로당 어린이놀이터 배드민턴장 화장실 음수대 공원등,지하철 3호선 국철 옥수역 3번출구 강변풍림아이원아파트 방향 도보로 10분  버스(G 지선 B 간선 R 광역 Y 순환) G 성동01 성동09 옥수역 하차 강변풍림아이원아파트 방향 도보로 10분 G B 110B 241A 241B 421 2016 2233 2411 7212 금옥초등학교 앞 하차 ,일반사항 공원을 깨끗하게 이용합니다. 대중교통을 이용해 주세요. 기념물 시설물 풀과 나무를 보호합니다. 야영 취사행위 및 불을 피우지 않습니다. 애완동물은 목줄을 채우고 배설물은 스스로 치웁니다. 음주/가무/소란행위를 하지 않습니다. 쓰레기는 되가져 가시기 바랍니다. ,성동구,서울특별시 성동구 옥수동 산1-1,127.0212054,37.543564
102,문정근린공원,49972.0,조경시설 : 바닥분수 초가정자 사각정자 휴게벤치 등 기반시설 : 경화토포장로 마사토산책로 등 ,지하철 8호선 문정역 : 2번출구 도보로 3분  버스(G 지선 B 간선 R 광역 Y 순환) G 3418 3219 3417 3422 3011 B 5 301 461  승용차 강변북로 → 잠실대교 → 송파대로 → 문정역  주차장 주차가능 수 : 100대 주차장이용시간 : 24시간 운영 ※ 주차요금 정기권은 할인이 되지 않습니다. ,공원을 깨끗하게 이용합시다. 대중교통을 이용해주세요. 기념물 시설물 풀과 나무를 보호합니다. 야생동물보호를 위해 음식물 반입을 금지합니다. 야영 취사행위 및 불을 피우지 않습니다. 애완동물은 생태계 보전과 대중의 이용에 불편함이 없도록 출입을 자제하여주시기 바랍니다. 음주/가무/소란행위를 하지 않습니다. 쓰레기는 되가져 가시기 바랍니다. ,송파구,서울특별시 송파구 문정동 18-4,127.12758190000001,37.4862156
103,문화예술공원,74385.0,놀이마당 중앙광장 잔디광장 야외무대 원두막 1동 조각작품 12개소 모래놀이터 등 ,지하철 3호선 양재역 : 7번출구  버스(G 지선 B 간선 R 광역 Y 순환) G 마을버스 8번 문화예술공원 정류장에서 하차  승용차  주차장 주차가능 수 : 0대  기타,일반사항 공원을 깨끗하게 이용합니다. 대중교통을 이용해 주세요. 기념물 시설물 풀과 나무를 보호합니다. 야영 취사행위 및 불을 피우지 않습니다. 애완동물은 목줄을 채우고 배설물은 스스로 치웁니다. 음주/가무/소란행위를 하지 않습니다. 쓰레기는 되가져 가시기 바랍니다. ,서초구,서울특별시 서초구 바우뫼로12길 40 (양재동),127.03051699999999,37.467653999999996
104,세종로공원,8868.0,휴게?편익공간 : 야외무대 382㎡ 매점 18㎡ 디자인파라솔 2개소 야외테이블 14개 등 상징광장 : 조선시대 사헌부 및 병조터 흔적복원 490㎡ 한글글자마당 : 168㎡(전국민 공모 11172자로 구성) ,지하철 5호선 광화문역 하차 18번출구 버스(G 지선 B 간선 R 광역 Y 순환) B 9000 9401 9409 B 150 408 401 600 602 706 R 7016 승용차 광화문역 세종문화회관 뒤편(종로구 세종로동 80-1번지) 세종로 주차장(☎ 02-725-4422) 이용요금: 10분당 500원 주차장 주차가능 수 : 1200대 주차장 이용시간 : 24시간 운영 연중무휴,공통사항 개방시간 : 도심 열린 광장으로 연중 24시간 상시 개방 이용요금 : 무료(없음)  일반사항 공원을 깨끗하게 이용합니다. 대중교통을 이용해 주세요. 기념물 시설물 풀과 나무를 보호합니다. 야생동물보호를 위해 음식물 반입을 금지합니다. 야영 취사행위 및 불을 피우지 않습니다. 애완동물은 생태계 보전과 대중의 이용에 불편함이 없도록 출입을 자제하여 주시기 바랍니다. 음주/가무/소란행위를 하지 않습니다. 쓰레기는 되가져 가시기 바랍니다. ,종로구,서울특별시 종로구 세종대로 189 (우) 03172,126.9758875,37.5735
105,샘말공원(관악산),10634.0,조경시설 : 바닥분수 음수전 육각정자 파고라 유희시설 : 조합놀이대 1조 놀이시설 2종 3점 운동시설 : 허리돌리기 팔올리기운동 옆회전운동 등 11점 지압보도 편의시설 : 화장실 관리시설 : 관리사무실 공원등 27본 ,지하철 버스 2호선 서울대입구역 : 3번출구 -> 5515마을버스 환승후 -> 종점(샘말공원)에서 하차 ,일반사항 공원을 깨끗하게 이용합니다. 기념물 시설물 풀과 나무를 보호합니다. 야영 취사행위 및 불을 피우지 않습니다. 음주/가무/소란행위를 하지 않습니다. 진입광장에서 공놀이를 하지 않습니다. 쓰레기는 되가져 가시기 바랍니다. ,관악구,서울특별시 관악구 대학동 산63-1일대 샘말공원,126.938511,37.4642128
106,초안산생태공원,22113.0,조경시설 : 잔디광장 계류 생태연못 녹지대 편의시설 : 음수대 유희시설 : 조합놀이대 시소 그네 운동시설 : 생활체육시설 관리시설 : CCTV 공원등 공원안내판 유희시설 : 산책로 중앙진입로 ,지하철 버스 지하철 : 창동역(2번출구)이나 녹천역(1번출구) 이용 버스 : 1133번 1157번 창일중학교 앞 하차 1138번 창1동주민센터 하차 승용차 : 대중교통을 이용하세요 주차장 : 없음 ,일반사항 자전거나 인라인 스케이트 이용불가합니다. 애견 동반시 목줄 착용하시고 배설물은 스스로 치웁니다. 자기 쓰레기는 되가져가세요 음주 및 흡연 불가합니다. 각종 음식물 배달행위 금지합니다. 공원을 깨끗하게 이용합니다. 대중교통을 이용해 주세요. 시설물 풀과 나무를 보호합니다. 음주 가무 소란행위를 하지 않습니다. ,도봉구,서울특별시 도봉구 창동 산24,127.0405382,37.647948299999996
107,서오능도시자연공원,1082847.0,산책로(둘레길) 탑골생태공원 유아숲체험장 운동시설 등,,공원을 깨끗하게 이용합시다. 대중교통을 이용해주세요. 기념물 시설물 풀과 나무를 보호합니다. 야생동물보호를 위해 음식물 반입을 금지합니다. 야영 취사행위 및 불을 피우지 않습니다. 애완동물은 생태계 보전과 대중의 이용에 불편함이 없도록 출입을 자제하여주시기 바랍니다. 음주/가무/소란행위를 하지 않습니다. 쓰레기는 되가져 가시기 바랍니다. ,은평구,서울특별시 은평구 구파발동 갈현동 진관내동,126.91343379999999,37.637482299999995
108,청계산도시자연공원,3692455.0,정자 4동 파고라 약수터 화장실 등,,,서초구,서울특별시 서초구 원지동 산 33,127.0424726,37.422434700000004
109,개화근린공원,386500.0,약사사 약사사 3층석탑 미타사 약수터 6?25전사자위령탑 운동시설 등,제1등산로 : 지하철5호선 방화역(3번출구) 방화근린공원 제2등산로 : 지하철5호선 방화역(3번출구) 방화5단지 교차로 방원중학교 제3등산로 : 지하철5호선 방화역(3번출구) 방원중학교 무장애숲길 입구 ,개화산 제1등산로(강서둘레길 1코스) -------- 3.35㎞  방화근린공원 약사사 봉화정 신선바위 하늘길전망대 방화근린공원  개화산 제2등산로(정상길) -------- 1.2㎞  방원중학교 앞 약수터 약사사삼거리 개화산전망대  개화산 제3등산로(무장애 숲길) -------- 0.7㎞  장애인주차장 소나무북카페 참나무북카페 하늘길전망대 ,강서구,서울특별시 강서구 개화동 산17,126.8068278,37.581391700000005
110,아차산생태공원,23450.0,남의광장 생태자료실 자생식물원 나비공원 습지원 황톳길 지압보도 및 약수터,제1등산로(광개토대왕길) : 아차산역(지하철5호선) ~ 3번 마을버스 ~ 도보 제2등산로(긴고랑길) : 군자역(지하철5호선) ~ 마을버스 2번    ,,광진구,서울특별시 광진구 광장동 370,127.1010031,37.551714200000006
111,인능산도시자연공원,2400833.0,,버스 : 양재역 중앙버스정류장에서 440 462 407 408 140번 버스 탑승 후 서울특별시립 어린이병원 정류장에서 하차 5분 도보1 버스 : 양재역 10번 출구 버스정류장에서 4432번 버스 탑승 후 새쟁이바을 정류장에서 하차 20분 도보    ,코스설명  - 1코스 : 서울특별시립 어린이병원 → 내곡보금자리 뒤(홍씨마을) → 인능산 헬기장  - 2코스 : 새쟁이마을 → 내곡터널 → 인능산 헬기장 ,서초구,서울특별시 서초구 내곡동 산12-404,127.0666632,37.4482109
112,구룡산,2752421.0,,접근방법 제1등산로 : (정류장 번호 : 22-302 버스 : 140 407 408 440 등) 하차 후 코이카 뒤쪽 등산로 제2등산로 : (정류장 번호 : 22-367 버스 141 405 등)하차 후 염곡약수터 등산로(10분 도보) 제3등산로 : 내곡동주민센터 정류장 하차 후 20분 도보 후 염곡마을 등산로 ,코스설명  - 제1등산로 : 코트라 → 쉼터 → 전망대  - 제2등산로 : 염곡약수터 → 쉼터 → 전망대  - 제3등산로 : 염곡마을 → 쉼터 → 전망대 ,서초구,서울특별시 서초구 염곡동 산25-1,127.061567,37.468947299999996
113,우면산도시자연공원,4180551.0,약수터 정자 화장실 등,주요 등산로 출입구는 남부순환로에 위치하고 있으므로 지하철 3호선 남부터미널역 또는 버스정류장 예술의전당 앞에서 하차 서초약수터~소망탑 코스 : 남부터미널역(도보 5분) 버스 임광A~소망탑 코스 : 버스 전원마을~성산약수터 코스 : 남태령역(도보 10분) 버스 ,주 등산로와 정류장(지하철버스) 연계현황  - 우면산을 이용하는 시민들은 주로 북측사면 [서초약수터~소망탑] 등산로와 [임광A~소망탑] 등산로를 이용하고 있으며 현재는 등산로 입구 앞에 종합안내판이 설치되어 있으나 2011년 산사태 이전 등산 안내도로써 최근 현황으로 교체 필요하며 등산로 내 방향안내판 역시 노후되어 있어 전체적인 교체 필요  - 우면산 남측사면 [송동마을~공군부대] [형촌마을~소망탑] 등산로는 보금자리주택 건설로 인하여 이용률이 높아질 것으로 예상되므로 등산로 입구에 종합안내판 설치 및 등산로 내 방향안내판 신규 설치가 필요 함.  ※ 안내판 설치 소요예산(95000천원)  - 방향안내판 1500천원 × 30개소 = 45000천원  - 종합안내판 10000천원 × 5개소 = 50000천원 ,서초구,서울특별시 서초구 우면동 산35-1,127.0091324,37.470484
114,향림근린공원,147859.0,산책로 구민체육센터 다목적체육관 축구장 등,,이용시 참고사항 공원을 깨끗하게 이용합시다. 대중교통을 이용해주세요. 기념물 시설물 풀과 나무를 보호합니다. 야생동물보호를 위해 음식물 반입을 금지합니다. 야영 취사행위 및 불을 피우지 않습니다. 애완동물은 생태계 보전과 대중의 이용에 불편함이 없도록 출입을 자제하여주시기 바랍니다. 음주/가무/소란행위를 하지 않습니다. 쓰레기는 되가져 가시기 바랍니다. ,은평구,서울특별시 은평구 진관동 산55,126.9240693,37.6293824
115,신사근린공원,111650.0,산책로 자연학습장 놀이터 등,,이용시 참고사항 공원을 깨끗하게 이용합시다. 대중교통을 이용해주세요. 기념물 시설물 풀과 나무를 보호합니다. 야생동물보호를 위해 음식물 반입을 금지합니다. 야영 취사행위 및 불을 피우지 않습니다. 애완동물은 생태계 보전과 대중의 이용에 불편함이 없도록 출입을 자제하여주시기 바랍니다. 음주/가무/소란행위를 하지 않습니다. 쓰레기는 되가져 가시기 바랍니다. ,은평구,서울특별시 은평구 신사동 산80-4,126.91029479999999,37.5920771
116,광평근린공원,519782.0,사당 재실 종회당 ,,,강남구,서울특별시 강남구 수서동 산10-1,127.092184,37.4880445
117,청담근린공원,59347.0,청소년회관 시비광장 실개천 배드민턴장 농구장 약수터 운동광장 등 ,,,강남구,서울특별시 강남구 청담동 66,127.052453,37.521325899999994
118,허브천문공원,25500.0,유리온실 관천대 전망데크 휴게데크 그늘막 별자리조명 등 ,,,강동구,서울특별시 강동구 둔촌동 산94,127.15339509999998,37.5372715
119,연신내물빛공원,2560.0,일출분수 파발벽천 수로 등  ,,,은평구,서울특별시 은평구 통일로 849,126.9207354,37.619052
120,나들이근린공원,32000.0,잔디마당 맨발광장 뜀동산 피크닉장 야생초화원 농촌체험장 ,,,중랑구,서울특별시 중구 망우동 산 30-7 일대,127.11326100000001,37.6054218
121,숭인근린공원,45615.0,,,,종로구,서울특별시 종로구 숭인동 58,127.0178267,37.5764419
122,서일대뒷산공원,631021.0,순국선열 추념탑 348㎡ 높이 22.3m ,,,중랑구,서울특별시 중랑구 면목동 산19,127.0987817,37.5877155
123,용마도시자연공원(사가정공원),109635.0,피크닉장 놀이터 체력단련장 체육관  ,,,중랑구,서울특별시 중랑구 면목7동 산50 ,127.095997,37.579762200000005
124,문화비축기지,140022.0,6개의탱크와 문화마당 녹지,, ? 일반사항  - 공원은 연중무휴이나 전시관은 월요일 휴관입니다.   - 공원을 깨끗하게 이용해 주시기 바랍니다.  - 대중교통을 이용해 주시기 바랍니다.   - 기념물 시설물 풀과 나무를 보호합니다.  - 야생동물보호를 위해 음식물 반입을 금지합니다.   - 야영 취사행위 및 불을 피우지 않습니다.  - 음주/가무/소란행위를 하지 않습니다.  - 쓰레기는 되가져 가시기 바랍니다.,마포구,서울특별시 마포구 증산로 87,126.89324548146364,37.571718477306064
125,경춘선숲길,211392.0,조경시설 : 텃밭 잔디광장 철길 산책로 등 건축시설 : 무궁화호 객차(방문자센터) 기타시설 : 경춘철교 ,지하철 이용시 지하철 7호선 하계역 4번출구 미성/장미아파트 도로 450m직진 지하철 6호선 화랑대역 2번 4번 출구 버스 이용시 간선 105 146 (서울과학기술대입구 정류장 하차) ,○ 6.3km   (시 작 점 : 육사삼거리   중간지점 : 화랑대사거리 → 화랑대역 → 과기대 고가철교 → 방문자센터)  종 점 : 경춘철교)      ※ 1. 행복주택 지역은 현재 공사중으로 이용 불가  2. 과기대 고가철교 미개통(행복주택 준공 후 개방 예정)  3. 3단계 구간(3km) 공사중 (‘17.10월 완료 예정)으로   현재 이용 가능한 길이는 3.3km     ○ 소요시간 : 1시간 30분 ,노원구,노원구 공릉2동 산 82-2,127.07648200000001,37.627077
126,율현공원,157535.0,관리시설 : 사무실 조경시설 : 정자(4개) 조형쉼터(10개) 조형파고라(3개) 수경시설 운동시설 : 게이트볼장 다목적구장 체력단련시설 편익시설 : 화장실(2개) 음수대(3개) 근로자대기실 유희시설 : 어린이놀이터(2개) ,,공원 인근에 서울공항 활주로가 위치하고 있어 공원 내에서 드론을 날리거나 헬륨가스 등이 들어간 풍선은 절대 이용해서는 안됩니다.  ,강남구,서울특별시 강남구 율현동 밤고개로24길(율현동 56),127.11559399999999,37.472332
